brand,category,coupon,features,id,image,name,price,size,uomSalePrice,type,simple_type
0,Central Market,Dairy & Eggs/Milk,0.0,"['  ORGANIC', '  GO LOCAL']",931316,https://images.heb.com/is/image/HEBGrocery/prd-small/central-market-organics-whole-milk-000931316.jpg,"Central Market Organics Whole Milk, 1 gal",5.85, 1 gal,($0.05/oz), Organics Whole Milk, Organics Whole Milk
1,Central Market,Dairy & Eggs/Milk,0.0,"['  ORGANIC', '  GO LOCAL']",931317,https://images.heb.com/is/image/HEBGrocery/prd-small/central-market-organics-reduced-fat-2-milkfat-milk-000931317.jpg,"Central Market Organics Reduced Fat 2% Milkfat Milk, 1 gal",5.85, 1 gal,($0.05/oz), Organics Reduced Fat 2% Milkfat Milk, Organics Reduced Fat 2% Milkfat Milk
2,H-E-B,Dairy & Eggs/Milk,0.0,"['  GO LOCAL', '  SELECT INGREDIENTS', ' Primo Pick']",671076,https://images.heb.com/is/image/HEBGrocery/prd-small/h-e-b-select-ingredients-mootopia-lactose-free-2-reduced-fat-milk-000671076.jpg,"H‑E‑B Select Ingredients MooTopia Lactose Free 2% Reduced Fat Milk, 1/2 gal",4.1, 1/2 gal,($0.07/oz), Select Ingredients MooTopia Lactose Free 2% Reduced Fat Milk, Select Ingredients MooTopia Lactose Free 2% Reduced Fat Milk
3,H-E-B,Dairy & Eggs/Milk,0.0,"['  CARB AWARE', '  LOW SATURATED FAT', '  GO LOCAL', '  SELECT INGREDIENTS']",314136,https://images.heb.com/is/image/HEBGrocery/prd-small/h-e-b-select-ingredients-fat-free-milk-000314136.jpg,"H‑E‑B Select Ingredients Fat Free Milk, 1/2 gal",1.94, 1/2 gal,($0.04/oz), Select Ingredients Fat Free Milk, Select Ingredients Fat Free Milk
4,H-E-B,Dairy & Eggs/Milk,0.0,"['  GO LOCAL', '  SELECT INGREDIENTS']",314134,https://images.heb.com/is/image/HEBGrocery/prd-small/h-e-b-select-ingredients-1-low-fat-milk-000314134.jpg,"H‑E‑B Select Ingredients 1% Low Fat Milk, 1/2 gal",1.94, 1/2 gal,($0.04/oz), Select Ingredients 1% Low Fat Milk, Select Ingredients 1% Low Fat Milk
5,H-E-B,Dairy & Eggs/Milk,0.0,"['  CARB AWARE', '  LOW SATURATED FAT', '  GO LOCAL', '  SELECT INGREDIENTS', ' Primo Pick']",671075,https://images.heb.com/is/image/HEBGrocery/prd-small/h-e-b-select-ingredients-mootopia-lactose-free-fat-free-milk-000671075.jpg,"H‑E‑B Select Ingredients MooTopia Lactose Free Fat Free Milk, 1/2 gal",4.1, 1/2 gal,($0.07/oz), Select Ingredients MooTopia Lactose Free Fat Free Milk, Select Ingredients MooTopia Lactose Free Fat Free Milk
6,H-E-B,Dairy & Eggs/Milk,0.0,"['  GO LOCAL', ' Primo Pick']",730555,https://images.heb.com/is/image/HEBGrocery/prd-small/h-e-b-mootopia-lactose-free-chocolate-2-reduced-fat-milk-000730555.jpg,"H‑E‑B MooTopia Lactose Free Chocolate 2% Reduced Fat Milk, 1/2 gal",4.1, 1/2 gal,($0.07/oz), MooTopia Lactose Free Chocolate 2% Reduced Fat Milk, MooTopia Lactose Free Chocolate 2% Reduced Fat Milk
7,Central Market,Dairy & Eggs/Milk,0.0,"['  KOSHER', '  LOW SODIUM', '  VEGETARIAN', '  ORGANIC', '  GO LOCAL']",1770593,https://images.heb.com/is/image/HEBGrocery/prd-small/central-market-organics-2-reduced-fat-milk-001770593.jpg,"Central Market Organics 2% Reduced Fat Milk, 1 qt",2.04, 1 qt,($0.07/oz), Organics 2% Reduced Fat Milk, Organics 2% Reduced Fat Milk
8,H-E-B,Dairy & Eggs/Milk,0.0,"['  GO LOCAL', '  SELECT INGREDIENTS']",314129,https://images.heb.com/is/image/HEBGrocery/prd-small/h-e-b-select-ingredients-low-fat-1-milk-000314129.jpg,"H‑E‑B Select Ingredients Low Fat 1% Milk, 1 gal",3.38, 1 gal,($0.03/oz), Select Ingredients Low Fat 1% Milk, Select Ingredients Low Fat 1% Milk
9,H-E-B,Dairy & Eggs/Milk,0.0,"['  GO LOCAL', '  SELECT INGREDIENTS']",481244,https://images.heb.com/is/image/HEBGrocery/prd-small/h-e-b-select-ingredients-reduced-fat-2-milk-000481244.jpg,"H‑E‑B Select Ingredients Reduced Fat 2% Milk, 1/2 gal",1.94, 1/2 gal,($0.04/oz), Select Ingredients Reduced Fat 2% Milk, Select Ingredients Reduced Fat 2% Milk
10,H-E-B,Dairy & Eggs/Milk,0.0,"['  GO LOCAL', '  SELECT INGREDIENTS']",629468,https://images.heb.com/is/image/HEBGrocery/prd-small/h-e-b-select-ingredients-lactose-free-whole-milk-000629468.jpg,"H‑E‑B Select Ingredients Lactose Free Whole Milk, 1/2 gal",2.96, 1/2 gal,($0.05/oz), Select Ingredients Lactose Free Whole Milk, Select Ingredients Lactose Free Whole Milk
11,H-E-B,Dairy & Eggs/Milk,0.0,['  SELECT INGREDIENTS'],1280425,https://images.heb.com/is/image/HEBGrocery/prd-small/h-e-b-select-ingredients-lactose-free-reduced-fat-2-milk-001280425.jpg,"H‑E‑B Select Ingredients Lactose Free Reduced Fat 2% Milk, 1/2 gal",2.96, 1/2 gal,($0.05/oz), Select Ingredients Lactose Free Reduced Fat 2% Milk, Select Ingredients Lactose Free Reduced Fat 2% Milk
12,H-E-B,Dairy & Eggs/Milk,0.0,,4557001,https://images.heb.com/is/image/HEBGrocery/prd-small/h-e-b-original-oat-milk-004557001.jpg,"H‑E‑B Original Oat Milk, 64 oz",3.58, 64 oz,($0.06/fl oz), Original Oat Milk, Original Oat Milk
13,Promised Land,Dairy & Eggs/Milk,1.0,"['  KOSHER', '  VEGETARIAN']",679566,https://images.heb.com/is/image/HEBGrocery/prd-small/promised-land-whole-milk-000679566.jpg,"Promised Land Whole Milk, 52 oz",4.1, 52 oz,($0.08/oz), Whole Milk, Whole Milk
14,Promised Land,Dairy & Eggs/Milk,1.0,"['  VEGETARIAN', '  KOSHER']",679567,https://images.heb.com/is/image/HEBGrocery/prd-small/promised-land-2-reduced-fat-milk-000679567.jpg,"Promised Land 2% Reduced Fat Milk, 52 oz",4.1, 52 oz,($0.08/oz), 2% Reduced Fat Milk, 2% Reduced Fat Milk
15,H-E-B,Dairy & Eggs/Milk,0.0,"['  CARB AWARE', '  LOW SATURATED FAT', '  GO LOCAL', '  SELECT INGREDIENTS']",314132,https://images.heb.com/is/image/HEBGrocery/prd-small/h-e-b-select-ingredients-fat-free-milk-000314132.jpg,"H‑E‑B Select Ingredients Fat Free Milk, 1 gal",3.38, 1 gal,($0.03/oz), Select Ingredients Fat Free Milk, Select Ingredients Fat Free Milk
16,Central Market,Dairy & Eggs/Milk,0.0,"['  ORGANIC', '  CARB AWARE', '  LOW SATURATED FAT', '  GO LOCAL']",931319,https://images.heb.com/is/image/HEBGrocery/prd-small/central-market-organics-fat-free-milk-000931319.jpg,"Central Market Organics Fat Free Milk, 1 gal",5.85, 1 gal,($0.05/oz), Organics Fat Free Milk, Organics Fat Free Milk
17,Central Market,Dairy & Eggs/Milk,0.0,"['  ORGANIC', '  GO LOCAL']",931318,https://images.heb.com/is/image/HEBGrocery/prd-small/central-market-organics-low-fat-1-milk-000931318.jpg,"Central Market Organics Low Fat 1% Milk, 1 gal",5.85, 1 gal,($0.05/oz), Organics Low Fat 1% Milk, Organics Low Fat 1% Milk
18,Horizon Organic,Dairy & Eggs/Milk,0.0,"['  KOSHER', '  VEGETARIAN', '  LOW SODIUM', '  HEART HEALTHY', '  ORGANIC', '  GO LOCAL']",946516,https://images.heb.com/is/image/HEBGrocery/prd-small/horizon-organic-fat-free-milk-000946516.jpg,"Horizon Organic Fat Free Milk, 1/2 gal",4.0, 1/2 gal,($0.07/oz), Fat Free Milk, Fat Free Milk
19,H-E-B,Dairy & Eggs/Milk,0.0,"['  GO LOCAL', '  SELECT INGREDIENTS', ' Primo Pick']",3135005,https://images.heb.com/is/image/HEBGrocery/prd-small/h-e-b-select-ingredients-mootopia-nbsp-lactose-free-whole-milk-003135005.jpg,"H‑E‑B Select Ingredients MooTopia Lactose Free Whole Milk, 1/2 gal",4.1, 1/2 gal,($0.07/oz), Select Ingredients MooTopia Lactose Free Whole Milk, Select Ingredients MooTopia Lactose Free Whole Milk
20,H-E-B,Dairy & Eggs/Milk,0.0,"['  GO LOCAL', ' Primo Pick']",1640462,https://images.heb.com/is/image/HEBGrocery/prd-small/h-e-b-mootopia-lactose-free-vanilla-2-reduced-fat-milk-001640462.jpg,"H‑E‑B MooTopia Lactose Free Vanilla 2% Reduced Fat Milk, 1/2 gal",4.1, 1/2 gal,($0.07/oz), MooTopia Lactose Free Vanilla 2% Reduced Fat Milk, MooTopia Lactose Free Vanilla 2% Reduced Fat Milk
21,H-E-B,Dairy & Eggs/Milk,0.0,"['  LOW SATURATED FAT', '  GO LOCAL', '  SELECT INGREDIENTS']",658772,https://images.heb.com/is/image/HEBGrocery/prd-small/h-e-b-select-ingredients-fat-free-milk-000658772.jpg,"H‑E‑B Select Ingredients Fat Free Milk, 1 pt",1.03, 1 pt,($0.07/oz), Select Ingredients Fat Free Milk, Select Ingredients Fat Free Milk
22,H-E-B,Dairy & Eggs/Milk,0.0,"['  GO LOCAL', '  SELECT INGREDIENTS']",658771,https://images.heb.com/is/image/HEBGrocery/prd-small/h-e-b-select-ingredients-reduced-fat-2-milk-000658771.jpg,"H‑E‑B Select Ingredients Reduced Fat 2% Milk, 1 pt",1.03, 1 pt,($0.07/oz), Select Ingredients Reduced Fat 2% Milk, Select Ingredients Reduced Fat 2% Milk
23,H-E-B,Dairy & Eggs/Milk,0.0,"['  GO LOCAL', '  SELECT INGREDIENTS']",500450,https://images.heb.com/is/image/HEBGrocery/prd-small/h-e-b-chocolate-1-low-fat-milk-000500450.jpg,"H‑E‑B Chocolate 1% Low Fat Milk, 1 pt",1.03, 1 pt,($0.07/oz), Chocolate 1% Low Fat Milk, Chocolate 1% Low Fat Milk
24,H-E-B,Dairy & Eggs/Milk,0.0,"['  GO LOCAL', '  SELECT INGREDIENTS']",500453,https://images.heb.com/is/image/HEBGrocery/prd-small/h-e-b-select-ingredients-whole-milk-000500453.jpg,"H‑E‑B Select Ingredients Whole Milk, 1 pt",1.03, 1 pt,($0.07/oz), Select Ingredients Whole Milk, Select Ingredients Whole Milk
25,H-E-B,Dairy & Eggs/Milk,0.0,"['  GO LOCAL', '  SELECT INGREDIENTS']",325152,https://images.heb.com/is/image/HEBGrocery/prd-small/h-e-b-chocolate-milk-000325152.jpg,"H‑E‑B Chocolate Milk, 1 pt",1.03, 1 pt,($0.07/oz), Chocolate Milk, Chocolate Milk
26,H-E-B,Dairy & Eggs/Milk,0.0,"['  ORGANIC', '  CARB AWARE', '  LOW SATURATED FAT']",2297031,https://images.heb.com/is/image/HEBGrocery/prd-small/h-e-b-organics-lactose-free-fat-free-milk-002297031.jpg,"H‑E‑B Organics Lactose Free Fat Free Milk, 1/2 gal",3.58, 1/2 gal,($0.06/oz), Organics Lactose Free Fat Free Milk, Organics Lactose Free Fat Free Milk
27,H-E-B,Dairy & Eggs/Milk,0.0,"['  GO LOCAL', '  SELECT INGREDIENTS']",519750,https://images.heb.com/is/image/HEBGrocery/prd-small/h-e-b-select-ingredients-whole-milk-000519750.jpg,"H‑E‑B Select Ingredients Whole Milk, 1 qt",1.32, 1 qt,($0.05/oz), Select Ingredients Whole Milk, Select Ingredients Whole Milk
28,Horizon Organic,Dairy & Eggs/Milk,0.0,"['  KOSHER', '  VEGETARIAN', '  LOW SODIUM', '  ORGANIC', '  GO LOCAL']",946513,https://images.heb.com/is/image/HEBGrocery/prd-small/horizon-organic-2-reduced-fat-milk-000946513.jpg,"Horizon Organic 2% Reduced Fat Milk, 1/2 gal",4.0, 1/2 gal,($0.07/oz), 2% Reduced Fat Milk, 2% Reduced Fat Milk
29,H-E-B,Dairy & Eggs/Milk,1.0,"['  VEGETARIAN', '  LESS THAN 5G NET CARBS', '  HEART HEALTHY', '  KOSHER', '  VEGAN', '  GLUTEN FREE VERIFIED', '  SUGAR FREE']",1741532,https://images.heb.com/is/image/HEBGrocery/prd-small/h-e-b-unsweet-original-almond-milk-001741532.jpg,"H‑E‑B Unsweet Original Almond Milk, 1/2 gal",2.65, 1/2 gal,($0.05/oz), Unsweet Original Almond Milk, Unsweet Original Almond Milk
30,H-E-B,Dairy & Eggs/Milk,1.0,"['  GLUTEN FREE VERIFIED', '  HEART HEALTHY', '  KOSHER', '  VEGETARIAN', '  VEGAN']",1435589,https://images.heb.com/is/image/HEBGrocery/prd-small/h-e-b-original-almond-milk-001435589.jpg,"H‑E‑B Original Almond Milk, 1/2 gal",2.65, 1/2 gal,($0.05/oz), Original Almond Milk, Original Almond Milk
31,H-E-B,Dairy & Eggs/Milk,1.0,"['  VEGETARIAN', '  KOSHER', '  GLUTEN FREE VERIFIED', '  VEGAN', '  HEART HEALTHY']",1435585,https://images.heb.com/is/image/HEBGrocery/prd-small/h-e-b-chocolate-almond-milk-001435585.jpg,"H‑E‑B Chocolate Almond Milk, 1/2 gal",2.65, 1/2 gal,($0.05/oz), Chocolate Almond Milk, Chocolate Almond Milk
32,H-E-B,Dairy & Eggs/Milk,1.0,"['  GLUTEN FREE VERIFIED', '  KOSHER', '  VEGAN', '  HEART HEALTHY', '  VEGETARIAN']",1435590,https://images.heb.com/is/image/HEBGrocery/prd-small/h-e-b-vanilla-almond-milk-001435590.jpg,"H‑E‑B Vanilla Almond Milk, 1/2 gal",2.65, 1/2 gal,($0.05/oz), Vanilla Almond Milk, Vanilla Almond Milk
33,Blue Diamond,Dairy & Eggs/Milk,0.0,"['  HEART HEALTHY', '  LESS THAN 5G NET CARBS', '  KOSHER', '  SUGAR FREE', '  VEGAN', '  GLUTEN FREE VERIFIED', '  VEGETARIAN']",967248,https://images.heb.com/is/image/HEBGrocery/prd-small/blue-diamond-almond-breeze-unsweetened-original-almond-milk-000967248.jpg,"Blue Diamond Almond Breeze Unsweetened Original Almond Milk, 32 oz",2.0, 32 oz,($0.07/oz), Almond Breeze Unsweetened Original Almond Milk, Almond Breeze Unsweetened Original Almond Milk
34,Generous Provisions,Dairy & Eggs/Milk,0.0,"['  ORGANIC', '  VEGAN', '  CARB AWARE', '  LOW SATURATED FAT']",2707506,https://images.heb.com/is/image/HEBGrocery/prd-small/generous-provisions-organic-unsweetened-original-almond-milk-002707506.jpg,"Generous Provisions Organic Unsweetened Original Almond Milk, 32 oz",2.06, 32 oz,($0.07/oz), Organic Unsweetened Original Almond Milk, Organic Unsweetened Original Almond Milk
35,Blue Diamond,Dairy & Eggs/Milk,0.0,"['  KOSHER', '  HEART HEALTHY', '  LESS THAN 5G NET CARBS', '  SUGAR FREE', '  VEGAN', '  GLUTEN FREE VERIFIED', '  VEGETARIAN']",967250,https://images.heb.com/is/image/HEBGrocery/prd-small/blue-diamond-almond-breeze-unsweetened-vanilla-non-dairy-beverage-000967250.jpg,"Blue Diamond Almond Breeze Unsweetened Vanilla Non-dairy Beverage, 32 oz",2.0,,($0.07/oz), Almond Breeze Unsweetened Vanilla Non-dairy Beverage, Almond Breeze Unsweetened Vanilla Non-dairy Beverage
36,Generous Provisions,Dairy & Eggs/Milk,0.0,"['  ORGANIC', '  GLUTEN FREE VERIFIED', '  VEGAN', '  CARB AWARE', '  LOW SATURATED FAT']",2707517,https://images.heb.com/is/image/HEBGrocery/prd-small/generous-provisions-organic-unsweetened-vanilla-almond-milk-002707517.jpg,"Generous Provisions Organic Unsweetened Vanilla Almond Milk, 32 oz",2.06, 32 oz,($0.07/oz), Organic Unsweetened Vanilla Almond Milk, Organic Unsweetened Vanilla Almond Milk
37,Horizon Organic,Dairy & Eggs/Milk,0.0,"['  KOSHER', '  LOW SODIUM', '  VEGETARIAN', '  ORGANIC', '  GO LOCAL']",540142,https://images.heb.com/is/image/HEBGrocery/prd-small/horizon-organic-2-reduced-fat-milk-000540142.jpg,"Horizon Organic 2% Reduced Fat Milk, 1 gal",6.67, 1 gal,($0.06/oz), 2% Reduced Fat Milk, 2% Reduced Fat Milk
38,H-E-B,Dairy & Eggs/Milk,1.0,"['  VEGETARIAN', '  KOSHER', '  GLUTEN FREE VERIFIED', '  VEGAN', '  LESS THAN 5G NET CARBS', '  HEART HEALTHY']",1435591,https://images.heb.com/is/image/HEBGrocery/prd-small/h-e-b-unsweetened-vanilla-almond-milk-001435591.jpg,"H‑E‑B Unsweetened Vanilla Almond Milk, 1/2 gal",2.65, 1/2 gal,($0.05/oz), Unsweetened Vanilla Almond Milk, Unsweetened Vanilla Almond Milk
39,Fairlife,Dairy & Eggs/Milk,0.0,"['  KOSHER', '  LOW SODIUM']",2115731,https://images.heb.com/is/image/HEBGrocery/prd-small/fairlife-dha-omega-3-2-reduced-fat-milk-002115731.jpg,"Fairlife DHA Omega-3 2% Reduced Fat Milk, 52 oz",4.1, 52 oz,($0.08/oz), DHA Omega-3 2% Reduced Fat Milk, DHA Omega-3 2% Reduced Fat Milk
40,H-E-B,Dairy & Eggs/Milk,0.0,['  ORGANIC'],2297036,https://images.heb.com/is/image/HEBGrocery/prd-small/h-e-b-organics-lactose-free-2-reduced-fat-milk-002297036.jpg,"H‑E‑B Organics Lactose Free 2% Reduced Fat Milk, 1/2 gal",3.58, 1/2 gal,($0.06/oz), Organics Lactose Free 2% Reduced Fat Milk, Organics Lactose Free 2% Reduced Fat Milk
41,a2 Milk,Dairy & Eggs/Milk,0.0,"['  VEGETARIAN', '  KOSHER']",1953832,https://images.heb.com/is/image/HEBGrocery/prd-small/a2-milk-whole-milk-001953832.jpg,"a2 Milk Whole Milk, 59 oz",4.41, 59 oz,($0.08/oz), Whole Milk, Whole Milk
42,Fairlife,Dairy & Eggs/Milk,0.0,"['  KOSHER', '  VEGETARIAN', '  LOW SODIUM']",1838031,https://images.heb.com/is/image/HEBGrocery/prd-small/fairlife-2-reduced-fat-milk-001838031.jpg,"Fairlife 2% Reduced Fat Milk, 52 oz",3.28, 52 oz,($0.07/oz), 2% Reduced Fat Milk, 2% Reduced Fat Milk
43,Fairlife,Dairy & Eggs/Milk,0.0,['  KOSHER'],1838035,https://images.heb.com/is/image/HEBGrocery/prd-small/fairlife-2-chocolate-reduced-fat-milk-001838035.jpg,"Fairlife 2% Chocolate Reduced Fat Milk, 52 oz",3.28, 52 oz,($0.07/oz), 2% Chocolate Reduced Fat Milk, 2% Chocolate Reduced Fat Milk
44,OATLY,Dairy & Eggs/Milk,0.0,"['  KOSHER', '  LOW SODIUM', '  HEART HEALTHY', '  VEGETARIAN', '  VEGAN', '  GLUTEN FREE VERIFIED']",2242160,https://images.heb.com/is/image/HEBGrocery/prd-small/oatly-the-original-oat-milk-002242160.jpg,"OATLY The Original Oat Milk, 1/2 gal",4.51, 1/2 gal,($0.08/oz), The Original Oat Milk, The Original Oat Milk
45,Horizon Organic,Dairy & Eggs/Milk,0.0,"['  KOSHER', '  VEGETARIAN', '  ORGANIC', '  GO LOCAL']",540143,https://images.heb.com/is/image/HEBGrocery/prd-small/horizon-organic-whole-milk-000540143.jpg,"Horizon Organic Whole Milk, 1 gal",6.67, 1 gal,($0.06/oz), Whole Milk, Whole Milk
46,H-E-B,Dairy & Eggs/Milk,0.0,"['  SELECT INGREDIENTS', ' Primo Pick']",671079,https://images.heb.com/is/image/HEBGrocery/prd-small/h-e-b-select-ingredients-mootopia-lactose-free-whole-milk-000671079.jpg,"H‑E‑B Select Ingredients MooTopia Lactose Free Whole Milk, 1 qt",2.45, 1 qt,($0.08/oz), Select Ingredients MooTopia Lactose Free Whole Milk, Select Ingredients MooTopia Lactose Free Whole Milk
47,H-E-B,Dairy & Eggs/Milk,0.0,"['  GO LOCAL', ' Primo Pick']",1541677,https://images.heb.com/is/image/HEBGrocery/prd-small/h-e-b-mootopia-lactose-free-chocolate-reduced-fat-2-milk-001541677.jpg,"H‑E‑B MooTopia Lactose Free Chocolate Reduced Fat 2% Milk, 1 qt",2.45, 1 qt,($0.08/oz), MooTopia Lactose Free Chocolate Reduced Fat 2% Milk, MooTopia Lactose Free Chocolate Reduced Fat 2% Milk
48,H-E-B,Dairy & Eggs/Milk,0.0,"['  GO LOCAL', '  SELECT INGREDIENTS']",658775,https://images.heb.com/is/image/HEBGrocery/prd-small/h-e-b-low-fat-cultured-1-milkfat-buttermilk-000658775.jpg,"H‑E‑B Low Fat Cultured 1% Milkfat Buttermilk, 1 pt",1.02, 1 pt,($0.07/oz), Low Fat Cultured 1% Milkfat Buttermilk, Low Fat Cultured 1% Milkfat Buttermilk
49,H-E-B,Dairy & Eggs/Milk,0.0,"['  GO LOCAL', '  SELECT INGREDIENTS']",314075,https://images.heb.com/is/image/HEBGrocery/prd-small/h-e-b-low-fat-cultured-1-milkfat-buttermilk-000314075.jpg,"H‑E‑B Low Fat Cultured 1% Milkfat Buttermilk, 1/2 gal",2.86, 1/2 gal,($0.05/oz), Low Fat Cultured 1% Milkfat Buttermilk, Low Fat Cultured 1% Milkfat Buttermilk
50,H-E-B,Dairy & Eggs/Milk,0.0,"['  GO LOCAL', '  SELECT INGREDIENTS']",658770,https://images.heb.com/is/image/HEBGrocery/prd-small/h-e-b-select-ingredients-reduced-fat-2-milk-000658770.jpg,"H‑E‑B Select Ingredients Reduced Fat 2% Milk, 1 qt",1.32, 1 qt,($0.05/oz), Select Ingredients Reduced Fat 2% Milk, Select Ingredients Reduced Fat 2% Milk
51,Ripple,Dairy & Eggs/Milk,0.0,"['  LOW SODIUM', '  HEART HEALTHY', '  KOSHER', '  LESS THAN 5G NET CARBS', '  SUGAR FREE', '  VEGAN', '  GLUTEN FREE VERIFIED', '  VEGETARIAN']",2123740,https://images.heb.com/is/image/HEBGrocery/prd-small/ripple-original-unsweetened-dairy-free-pea-milk-002123740.jpg,"Ripple Original Unsweetened Dairy Free Pea Milk, 48 oz",4.09, 48 oz,($0.09/oz), Original Unsweetened Dairy Free Pea Milk, Original Unsweetened Dairy Free Pea Milk
52,Ripple,Dairy & Eggs/Milk,0.0,"['  HEART HEALTHY', '  KOSHER', '  LESS THAN 5G NET CARBS', '  LOW SODIUM', '  VEGAN', '  GLUTEN FREE VERIFIED', '  VEGETARIAN']",2192750,https://images.heb.com/is/image/HEBGrocery/prd-small/ripple-dairy-free-original-pea-milk-002192750.jpg,"Ripple Dairy Free Original Pea Milk, 48 oz",4.09, 48 oz,($0.09/oz), Dairy Free Original Pea Milk, Dairy Free Original Pea Milk
53,Silk,Dairy & Eggs/Milk,0.0,"['  LESS THAN 5G NET CARBS', '  HEART HEALTHY', '  KOSHER', '  SUGAR FREE', '  GLUTEN FREE VERIFIED']",1838495,https://images.heb.com/is/image/HEBGrocery/prd-small/silk-unsweetened-cashew-milk-001838495.jpg,"Silk Unsweetened Cashew Milk, 1/2 gal",3.17, 1/2 gal,($0.05/oz), Unsweetened Cashew Milk, Unsweetened Cashew Milk
54,H-E-B,Dairy & Eggs/Milk,0.0,"['  LOW SODIUM', '  VEGETARIAN', '  KOSHER', '  SELECT INGREDIENTS']",1786905,https://images.heb.com/is/image/HEBGrocery/prd-small/h-e-b-select-ingredients-1-lowfat-milk-001786905.jpg,"H‑E‑B Select Ingredients 1% Lowfat Milk, 32 oz",1.32, 32 oz,($0.05/oz), Select Ingredients 1% Lowfat Milk, Select Ingredients 1% Lowfat Milk
55,H-E-B,Dairy & Eggs/Milk,0.0,"['  GO LOCAL', '  SELECT INGREDIENTS']",314125,https://images.heb.com/is/image/HEBGrocery/prd-small/h-e-b-select-ingredients-reduced-fat-2-milk-000314125.jpg,"H‑E‑B Select Ingredients Reduced Fat 2% Milk, 1 gal",3.38, 1 gal,($0.03/oz), Select Ingredients Reduced Fat 2% Milk, Select Ingredients Reduced Fat 2% Milk
56,H-E-B,Dairy & Eggs/Milk,0.0,"['  GO LOCAL', '  SELECT INGREDIENTS']",314130,https://images.heb.com/is/image/HEBGrocery/prd-small/h-e-b-select-ingredients-whole-milk-000314130.jpg,"H‑E‑B Select Ingredients Whole Milk, 1 gal",3.38, 1 gal,($0.03/oz), Select Ingredients Whole Milk, Select Ingredients Whole Milk
57,H-E-B,Dairy & Eggs/Milk,0.0,"['  GO LOCAL', '  SELECT INGREDIENTS']",314135,https://images.heb.com/is/image/HEBGrocery/prd-small/h-e-b-select-ingredients-whole-milk-000314135.jpg,"H‑E‑B Select Ingredients Whole Milk, 1/2 gal",1.94, 1/2 gal,($0.04/oz), Select Ingredients Whole Milk, Select Ingredients Whole Milk
58,Central Market,Dairy & Eggs/Milk,0.0,"['  ORGANIC', '  GO LOCAL']",690987,https://images.heb.com/is/image/HEBGrocery/prd-small/central-market-organics-2-reduced-fat-milk-000690987.jpg,"Central Market Organics 2% Reduced Fat Milk, 1/2 gal",3.07, 1/2 gal,($0.05/oz), Organics 2% Reduced Fat Milk, Organics 2% Reduced Fat Milk
59,Central Market,Dairy & Eggs/Milk,0.0,"['  ORGANIC', '  GO LOCAL']",690986,https://images.heb.com/is/image/HEBGrocery/prd-small/central-market-organics-whole-milk-000690986.jpg,"Central Market Organics Whole Milk, 1/2 gal",3.07, 1/2 gal,($0.05/oz), Organics Whole Milk, Organics Whole Milk
60,H-E-B,Dairy & Eggs/Milk,0.0,"['  GO LOCAL', '  SELECT INGREDIENTS']",629469,https://images.heb.com/is/image/HEBGrocery/prd-small/h-e-b-select-ingredients-lactose-free-2-reduced-fat-milk-000629469.jpg,"H‑E‑B Select Ingredients Lactose Free 2% Reduced Fat Milk, 1/2 gal",2.96, 1/2 gal,($0.05/oz), Select Ingredients Lactose Free 2% Reduced Fat Milk, Select Ingredients Lactose Free 2% Reduced Fat Milk
61,H-E-B,Dairy & Eggs/Milk,0.0,"['  GO LOCAL', '  SELECT INGREDIENTS']",1044902,https://images.heb.com/is/image/HEBGrocery/prd-small/h-e-b-chocolate-low-fat-1-milk-001044902.jpg,"H‑E‑B Chocolate Low Fat 1% Milk, 1/2 gal",2.14, 1/2 gal,($0.04/oz), Chocolate Low Fat 1% Milk, Chocolate Low Fat 1% Milk
62,Borden,Dairy & Eggs/Milk,0.0,"['  VEGETARIAN', '  KOSHER', '  GO LOCAL']",1720548,https://images.heb.com/is/image/HEBGrocery/prd-small/borden-whole-milk-001720548.jpg,"Borden Whole Milk, 1 gal",4.41, 1 gal,($0.04/oz), Whole Milk, Whole Milk
63,Lactaid,Dairy & Eggs/Milk,0.0,"['  VEGETARIAN', '  LOW SODIUM', '  KOSHER', '  GLUTEN FREE VERIFIED']",1135298,https://images.heb.com/is/image/HEBGrocery/prd-small/lactaid-100-lactose-free-2-reduced-fat-milk-001135298.jpg,"Lactaid 100% Lactose Free 2% Reduced Fat Milk, 96 oz",5.63, 96 oz,($0.06/oz), 100% Lactose Free 2% Reduced Fat Milk, 100% Lactose Free 2% Reduced Fat Milk
64,Central Market,Dairy & Eggs/Milk,0.0,"['  ORGANIC', '  GO LOCAL']",690988,https://images.heb.com/is/image/HEBGrocery/prd-small/central-market-organics-1-low-fat-milk-000690988.jpg,"Central Market Organics 1% Low Fat Milk, 1/2 gal",3.07, 1/2 gal,($0.05/oz), Organics 1% Low Fat Milk, Organics 1% Low Fat Milk
65,Central Market,Dairy & Eggs/Milk,0.0,"['  ORGANIC', '  CARB AWARE', '  LOW SATURATED FAT', '  GO LOCAL']",690989,https://images.heb.com/is/image/HEBGrocery/prd-small/central-market-organics-fat-free-milk-000690989.jpg,"Central Market Organics Fat Free Milk, 1/2 gal",3.07, 1/2 gal,($0.05/oz), Organics Fat Free Milk, Organics Fat Free Milk
66,H-E-B,Dairy & Eggs/Milk,0.0,"['  GO LOCAL', '  SELECT INGREDIENTS']",325151,https://images.heb.com/is/image/HEBGrocery/prd-small/h-e-b-chocolate-milk-000325151.jpg,"H‑E‑B Chocolate Milk, 1 qt",1.52, 1 qt,($0.05/oz), Chocolate Milk, Chocolate Milk
67,Lactaid,Dairy & Eggs/Milk,0.0,"['  VEGETARIAN', '  KOSHER', '  GLUTEN FREE VERIFIED']",1352535,https://images.heb.com/is/image/HEBGrocery/prd-small/lactaid-whole-milk-001352535.jpg,"Lactaid Whole Milk, 96 oz",5.63, 96 oz,($0.06/oz), Whole Milk, Whole Milk
68,Promised Land,Dairy & Eggs/Milk,1.0,"['  VEGETARIAN', '  KOSHER']",908699,https://images.heb.com/is/image/HEBGrocery/prd-small/promised-land-midnight-chocolate-whole-milk-000908699.jpg,"Promised Land Midnight Chocolate Whole Milk, 52 oz",4.41, 52 oz,($0.09/oz), Midnight Chocolate Whole Milk, Midnight Chocolate Whole Milk
69,Horizon Organic,Dairy & Eggs/Milk,0.0,"['  VEGETARIAN', '  KOSHER', '  ORGANIC']",1049911,https://images.heb.com/is/image/HEBGrocery/prd-small/horizon-organic-dha-omega-3-whole-milk-001049911.jpg,"Horizon Organic DHA Omega-3 Whole Milk, 1/2 gal",4.59, 1/2 gal,($0.08/oz), DHA Omega-3 Whole Milk, DHA Omega-3 Whole Milk
70,H-E-B,Dairy & Eggs/Milk,0.0,"['  GO LOCAL', '  SELECT INGREDIENTS']",1280424,https://images.heb.com/is/image/HEBGrocery/prd-small/h-e-b-select-ingredients-lactose-free-1-low-fat-milk-001280424.jpg,"H‑E‑B Select Ingredients Lactose Free 1% Low Fat Milk, 1/2 gal",2.96, 1/2 gal,($0.05/oz), Select Ingredients Lactose Free 1% Low Fat Milk, Select Ingredients Lactose Free 1% Low Fat Milk
71,Borden,Dairy & Eggs/Milk,0.0,"['  VEGETARIAN', '  KOSHER', '  GO LOCAL']",1720526,https://images.heb.com/is/image/HEBGrocery/prd-small/borden-whole-milk-001720526.jpg,"Borden Whole Milk, 1/2 gal",3.58, 1/2 gal,($0.06/oz), Whole Milk, Whole Milk
72,Fairlife,Dairy & Eggs/Milk,0.0,"['  KOSHER', '  VEGETARIAN']",1838036,https://images.heb.com/is/image/HEBGrocery/prd-small/fairlife-whole-milk-001838036.jpg,"Fairlife Whole Milk, 52 oz",3.28, 52 oz,($0.07/oz), Whole Milk, Whole Milk
73,Borden,Dairy & Eggs/Milk,0.0,"['  KOSHER', '  VEGETARIAN', '  GO LOCAL']",1720550,https://images.heb.com/is/image/HEBGrocery/prd-small/borden-dutch-chocolate-milk-001720550.jpg,"Borden Dutch Chocolate Milk, 1/2 gal",3.58, 1/2 gal,($0.06/oz), Dutch Chocolate Milk, Dutch Chocolate Milk
74,Fairlife,Dairy & Eggs/Milk,0.0,"['  VEGETARIAN', '  HEART HEALTHY', '  LOW SODIUM', '  KOSHER']",1838033,https://images.heb.com/is/image/HEBGrocery/prd-small/fairlife-fat-free-milk-001838033.jpg,"Fairlife Fat Free Milk, 52 oz",3.28, 52 oz,($0.07/oz), Fat Free Milk, Fat Free Milk
75,Lactaid,Dairy & Eggs/Milk,0.0,"['  LOW SODIUM', '  KOSHER', '  GLUTEN FREE VERIFIED', '  VEGETARIAN']",477005,https://images.heb.com/is/image/HEBGrocery/prd-small/lactaid-100-lactose-free-calcium-enriched-2-reduced-fat-milk-000477005.jpg,"Lactaid 100% Lactose Free Calcium Enriched 2% Reduced Fat Milk, 1/2 gal",4.0, 1/2 gal,($0.07/oz), 100% Lactose Free Calcium Enriched 2% Reduced Fat Milk, 100% Lactose Free Calcium Enriched 2% Reduced Fat Milk
76,Horizon Organic,Dairy & Eggs/Milk,0.0,"['  LOW SODIUM', '  KOSHER', '  VEGETARIAN', '  ORGANIC']",1049912,https://images.heb.com/is/image/HEBGrocery/prd-small/horizon-organic-2-reduced-fat-milk-plus-nbsp-dha-nbsp-omega-3-001049912.jpg,"Horizon Organic 2% Reduced Fat Milk Plus DHA Omega-3, 1/2 gal",4.59, 1/2 gal,($0.08/oz), 2% Reduced Fat Milk Plus DHA Omega-3, 2% Reduced Fat Milk Plus DHA Omega-3
77,Borden,Dairy & Eggs/Milk,0.0,"['  KOSHER', '  GO LOCAL']",1721056,https://images.heb.com/is/image/HEBGrocery/prd-small/borden-dutch-chocolate-milk-001721056.jpg,"Borden Dutch Chocolate Milk, 1 pt",1.52, 1 pt,($0.10/oz), Dutch Chocolate Milk, Dutch Chocolate Milk
78,Silk,Dairy & Eggs/Milk,0.0,"['  KOSHER', '  LESS THAN 5G NET CARBS', '  GLUTEN FREE VERIFIED']",2060976,https://images.heb.com/is/image/HEBGrocery/prd-small/silk-original-protein-nut-milk-002060976.jpg,"Silk Original Protein Nut Milk, 1/2 gal",2.86, 1/2 gal,($0.05/oz), Original Protein Nut Milk, Original Protein Nut Milk
79,Goya,Dairy & Eggs/Milk,0.0,"['  LESS THAN 5G NET CARBS', '  VEGAN', '  VEGETARIAN']",128871,https://images.heb.com/is/image/HEBGrocery/prd-small/goya-coconut-milk-000128871.jpg,"Goya Coconut Milk, 13.5 oz",1.68, 13.5 oz,($0.13/oz), Coconut Milk, Coconut Milk
80,Polar,Dairy & Eggs/Milk,0.0,,1187205,https://images.heb.com/is/image/HEBGrocery/prd-small/polar-premium-coconut-milk-001187205.jpg,"Polar Premium Coconut Milk, 13.5 oz",2.05, 13.5 oz,($0.16/oz), Premium Coconut Milk, Premium Coconut Milk
81,Promised Land,Dairy & Eggs/Milk,0.0,"['  KOSHER', '  VEGETARIAN']",1047699,https://images.heb.com/is/image/HEBGrocery/prd-small/promised-land-midnight-chocolate-whole-milk-001047699.jpg,"Promised Land Midnight Chocolate Whole Milk, 12 oz",1.63, 12 oz,($0.14/oz), Midnight Chocolate Whole Milk, Midnight Chocolate Whole Milk
82,H-E-B,Dairy & Eggs/Milk,0.0,"['  GO LOCAL', '  SELECT INGREDIENTS']",513984,https://images.heb.com/is/image/HEBGrocery/prd-small/h-e-b-chocolate-1-low-fat-milk-000513984.jpg,"H‑E‑B Chocolate 1% Low Fat Milk, 1 qt",1.52, 1 qt,($0.05/oz), Chocolate 1% Low Fat Milk, Chocolate 1% Low Fat Milk
83,H-E-B,Dairy & Eggs/Milk,0.0,"['  CARB AWARE', '  LOW SATURATED FAT', '  GO LOCAL', '  SELECT INGREDIENTS']",629652,https://images.heb.com/is/image/HEBGrocery/prd-small/h-e-b-select-ingredients-lactose-free-fat-free-milk-000629652.jpg,"H‑E‑B Select Ingredients Lactose Free Fat Free Milk, 1/2 gal",2.96, 1/2 gal,($0.05/oz), Select Ingredients Lactose Free Fat Free Milk, Select Ingredients Lactose Free Fat Free Milk
84,Silk,Dairy & Eggs/Milk,0.0,"['  LESS THAN 5G NET CARBS', '  KOSHER', '  LOW SODIUM', '  SUGAR FREE', '  GLUTEN FREE VERIFIED']",1754969,https://images.heb.com/is/image/HEBGrocery/prd-small/silk-unsweetened-coconut-milk-001754969.jpg,"Silk Unsweetened Coconut Milk, 1/2 gal",2.86, 1/2 gal,($0.05/oz), Unsweetened Coconut Milk, Unsweetened Coconut Milk
85,Silk,Dairy & Eggs/Milk,0.0,"['  SUGAR FREE', '  LESS THAN 5G NET CARBS', '  LOW SODIUM', '  KOSHER', '  GLUTEN FREE VERIFIED']",1739255,https://images.heb.com/is/image/HEBGrocery/prd-small/silk-unsweetened-almond-coconut-blend-001739255.jpg,"Silk Unsweetened Almond Coconut Blend, 1/2 gal",2.86,,($0.05/oz), Unsweetened Almond Coconut Blend, Unsweetened Almond Coconut Blend
86,H-E-B,Dairy & Eggs/Milk,0.0,"['  CARB AWARE', '  LOW SATURATED FAT', '  GO LOCAL', '  SELECT INGREDIENTS']",519749,https://images.heb.com/is/image/HEBGrocery/prd-small/h-e-b-select-ingredients-fat-free-milk-000519749.jpg,"H‑E‑B Select Ingredients Fat Free Milk, 1 qt",1.32, 1 qt,($0.05/oz), Select Ingredients Fat Free Milk, Select Ingredients Fat Free Milk
87,Silk,Dairy & Eggs/Milk,0.0,"['  HEART HEALTHY', '  KOSHER', '  GLUTEN FREE VERIFIED']",2164776,https://images.heb.com/is/image/HEBGrocery/prd-small/silk-chocolate-protein-nut-milk-002164776.jpg,"Silk Chocolate Protein Nut Milk, 1/2 gal",2.86, 1/2 gal,($0.05/oz), Chocolate Protein Nut Milk, Chocolate Protein Nut Milk
88,H-E-B,Dairy & Eggs/Milk,0.0,['  ORGANIC'],2297034,https://images.heb.com/is/image/HEBGrocery/prd-small/h-e-b-organics-lactose-free-whole-milk-002297034.jpg,"H‑E‑B Organics Lactose Free Whole Milk, 1/2 gal",3.58, 1/2 gal,($0.06/oz), Organics Lactose Free Whole Milk, Organics Lactose Free Whole Milk
89,Borden,Dairy & Eggs/Milk,0.0,,1569233,https://images.heb.com/is/image/HEBGrocery/prd-small/borden-strawberry-whole-milk-001569233.jpg,"Borden Strawberry Whole Milk, 1 pt",1.52, 1 pt,($0.10/oz), Strawberry Whole Milk, Strawberry Whole Milk
90,Nesquik,Dairy & Eggs/Milk,0.0,"['  LOW SODIUM', '  KOSHER', '  GLUTEN FREE VERIFIED']",314164,https://images.heb.com/is/image/HEBGrocery/prd-small/nesquik-low-fat-strawberry-milk-000314164.jpg,"Nesquik Low Fat Strawberry Milk, 14 oz",1.4, 14 oz,($0.10/oz), Low Fat Strawberry Milk, Low Fat Strawberry Milk
91,Thai Kitchen,Dairy & Eggs/Milk,0.0,"['  LESS THAN 5G NET CARBS', '  VEGETARIAN', '  VEGAN', '  GLUTEN FREE VERIFIED', '  ORGANIC']",740626,https://images.heb.com/is/image/HEBGrocery/prd-small/thai-kitchen-organic-unsweetened-coconut-milk-000740626.jpg,"Thai Kitchen Organic Unsweetened Coconut Milk, 13.66 oz",2.46, 13.66 oz,($0.19/oz), Organic Unsweetened Coconut Milk, Organic Unsweetened Coconut Milk
92,So Delicious,Dairy & Eggs/Milk,0.0,"['  KOSHER', '  LOW SODIUM', '  VEGETARIAN', '  LESS THAN 5G NET CARBS', '  GLUTEN FREE VERIFIED', '  VEGAN', '  ORGANIC']",1283229,https://images.heb.com/is/image/HEBGrocery/prd-small/so-delicious-dairy-free-unsweetened-coconut-milk-nbsp--001283229.jpg,"So Delicious Dairy Free Unsweetened Coconut Milk , 1/2 gal",3.28, 1/2 gal,($0.06/oz), Dairy Free Unsweetened Coconut Milk , Dairy Free Unsweetened Coconut Milk 
93,H-E-B,Dairy & Eggs/Milk,0.0,"['  GO LOCAL', ' Primo Pick']",1662814,https://images.heb.com/is/image/HEBGrocery/prd-small/h-e-b-mootopia-lactose-free-chocolate-2-reduced-fat-milk-001662814.jpg,"H‑E‑B MooTopia Lactose Free Chocolate 2% Reduced Fat Milk, 1 pt",1.39, 1 pt,($0.09/oz), MooTopia Lactose Free Chocolate 2% Reduced Fat Milk, MooTopia Lactose Free Chocolate 2% Reduced Fat Milk
94,Silk,Dairy & Eggs/Milk,0.0,"['  KOSHER', '  LOW SODIUM', '  GLUTEN FREE VERIFIED']",1445370,https://images.heb.com/is/image/HEBGrocery/prd-small/silk-original-coconut-milk-001445370.jpg,"Silk Original Coconut Milk, 1/2 gal",2.86, 1/2 gal,($0.05/oz), Original Coconut Milk, Original Coconut Milk
95,H-E-B,Dairy & Eggs/Milk,0.0,"['  CARB AWARE', '  LOW SATURATED FAT', '  SELECT INGREDIENTS']",1280423,https://images.heb.com/is/image/HEBGrocery/prd-small/h-e-b-select-ingredients-lactose-free-fat-free-milk-001280423.jpg,"H‑E‑B Select Ingredients Lactose Free Fat Free Milk, 1/2 gal",2.96, 1/2 gal,($0.05/oz), Select Ingredients Lactose Free Fat Free Milk, Select Ingredients Lactose Free Fat Free Milk
96,A Taste of Thai,Dairy & Eggs/Milk,0.0,"['  LESS THAN 5G NET CARBS', '  VEGETARIAN', '  GLUTEN FREE VERIFIED', '  VEGAN']",159901,https://images.heb.com/is/image/HEBGrocery/prd-small/a-taste-of-thai-unsweetened-coconut-milk-000159901.jpg,"A Taste of Thai Unsweetened Coconut Milk, 13.5 oz",1.99, 13.5 oz,($0.15/oz), Unsweetened Coconut Milk, Unsweetened Coconut Milk
97,Nesquik,Dairy & Eggs/Milk,0.0,"['  KOSHER', '  GLUTEN FREE VERIFIED']",314162,https://images.heb.com/is/image/HEBGrocery/prd-small/nesquik-low-fat-chocolate-milk-000314162.jpg,"Nesquik Low Fat Chocolate Milk, 14 oz",1.4, 14 oz,($0.10/oz), Low Fat Chocolate Milk, Low Fat Chocolate Milk
98,Lactaid,Dairy & Eggs/Milk,0.0,"['  VEGETARIAN', '  LOW SODIUM', '  HEART HEALTHY', '  KOSHER', '  GLUTEN FREE VERIFIED']",1135297,https://images.heb.com/is/image/HEBGrocery/prd-small/lactaid-fat-free-milk-001135297.jpg,"Lactaid Fat Free Milk, 96 oz",5.63, 96 oz,($0.06/oz), Fat Free Milk, Fat Free Milk
99,Yoo-hoo,Dairy & Eggs/Milk,0.0,"['  KOSHER', '  LOW SODIUM', '  GLUTEN FREE VERIFIED']",173911,https://images.heb.com/is/image/HEBGrocery/prd-small/yoo-hoo-chocolate-drink-000173911.jpg,"Yoo-hoo Chocolate Drink, 10 pk",3.07,,($0.05/oz), Chocolate Drink, Chocolate Drink
100,Promised Land,Dairy & Eggs/Milk,0.0,,2460516,https://images.heb.com/is/image/HEBGrocery/prd-small/promised-land-very-berry-strawberry-whole-milk-002460516.jpg,"Promised Land Very Berry Strawberry Whole Milk, 12 oz",1.63, 12 oz,($0.14/oz), Very Berry Strawberry Whole Milk, Very Berry Strawberry Whole Milk
101,Meyenberg,Dairy & Eggs/Milk,0.0,"['  KOSHER', '  LOW SODIUM', '  VEGETARIAN', '  GLUTEN FREE VERIFIED']",1414619,https://images.heb.com/is/image/HEBGrocery/prd-small/meyenberg-goat-milk-001414619.jpg,"Meyenberg Goat Milk, 1/2 gal",8.22, 1/2 gal,($0.13/oz), Goat Milk, Goat Milk
102,a2 Milk,Dairy & Eggs/Milk,0.0,"['  LOW SODIUM', '  VEGETARIAN', '  KOSHER']",2297541,https://images.heb.com/is/image/HEBGrocery/prd-small/a2-milk-2-reduced-fat-milk-002297541.jpg,"a2 Milk 2% Reduced Fat Milk, 59 oz",4.41, 59 oz,($0.08/oz), 2% Reduced Fat Milk, 2% Reduced Fat Milk
103,Promised Land,Dairy & Eggs/Milk,1.0,"['  KOSHER', '  VEGETARIAN']",2403009,https://images.heb.com/is/image/HEBGrocery/prd-small/promised-land-midnight-chocolate-2-reduced-fat-milk-002403009.jpg,"Promised Land Midnight Chocolate 2% Reduced Fat Milk, 52 oz",4.41, 52 oz,($0.09/oz), Midnight Chocolate 2% Reduced Fat Milk, Midnight Chocolate 2% Reduced Fat Milk
104,So Delicious,Dairy & Eggs/Milk,0.0,"['  LOW SODIUM', '  KOSHER', '  LESS THAN 5G NET CARBS', '  GLUTEN FREE VERIFIED', '  VEGAN', '  ORGANIC', '  VEGETARIAN']",1636349,https://images.heb.com/is/image/HEBGrocery/prd-small/so-delicious-dairy-free-unsweetened-vanilla-coconut-milk-beverage-001636349.jpg,"So Delicious Dairy Free Unsweetened Vanilla Coconut Milk Beverage, 1/2 gal",3.28, 1/2 gal,($0.06/oz), Dairy Free Unsweetened Vanilla Coconut Milk Beverage, Dairy Free Unsweetened Vanilla Coconut Milk Beverage
105,Promised Land,Dairy & Eggs/Milk,0.0,"['  KOSHER', '  VEGETARIAN']",1047700,https://images.heb.com/is/image/HEBGrocery/prd-small/promised-land-midnight-chocolate-2-reduced-fat-milk-001047700.jpg,"Promised Land Midnight Chocolate 2% Reduced Fat Milk, 12 oz",1.63, 12 oz,($0.14/oz), Midnight Chocolate 2% Reduced Fat Milk, Midnight Chocolate 2% Reduced Fat Milk
106,Horizon Organic,Dairy & Eggs/Milk,0.0,"['  VEGETARIAN', '  LOW SODIUM', '  KOSHER', '  ORGANIC', '  GO LOCAL']",946514,https://images.heb.com/is/image/HEBGrocery/prd-small/horizon-organic-1-lowfat-milk-000946514.jpg,"Horizon Organic 1% Lowfat Milk, 1/2 gal",4.0, 1/2 gal,($0.07/oz), 1% Lowfat Milk, 1% Lowfat Milk
107,Horizon Organic,Dairy & Eggs/Milk,0.0,"['  KOSHER', '  LOW SODIUM', '  VEGETARIAN', '  ORGANIC']",1140679,https://images.heb.com/is/image/HEBGrocery/prd-small/horizon-organic-lactose-free-2-reduced-fat-milk-001140679.jpg,"Horizon Organic Lactose Free 2% Reduced Fat Milk, 1/2 gal",4.0, 1/2 gal,($0.07/oz), Lactose Free 2% Reduced Fat Milk, Lactose Free 2% Reduced Fat Milk
108,H-E-B,Dairy & Eggs/Milk,0.0,"['  CARB AWARE', '  LOW SATURATED FAT', '  GO LOCAL', '  SELECT INGREDIENTS', ' Primo Pick']",1541678,https://images.heb.com/is/image/HEBGrocery/prd-small/h-e-b-select-ingredients-mootopia-lactose-free-fat-free-milk-001541678.jpg,"H‑E‑B Select Ingredients MooTopia Lactose Free Fat Free Milk, 1 qt",2.45, 1 qt,($0.08/oz), Select Ingredients MooTopia Lactose Free Fat Free Milk, Select Ingredients MooTopia Lactose Free Fat Free Milk
109,Polar,Dairy & Eggs/Milk,0.0,"['  LESS THAN 5G NET CARBS', '  VEGAN', '  VEGETARIAN']",1293445,https://images.heb.com/is/image/HEBGrocery/prd-small/polar-premium-lite-coconut-milk-001293445.jpg,"Polar Premium Lite Coconut Milk, 13.5 oz",1.71, 13.5 oz,($0.13/oz), Premium Lite Coconut Milk, Premium Lite Coconut Milk
110,Borden,Dairy & Eggs/Milk,0.0,"['  VEGETARIAN', '  KOSHER', '  GO LOCAL']",1720547,https://images.heb.com/is/image/HEBGrocery/prd-small/borden-plus-hi-protein-2-milk-001720547.jpg,"Borden Plus Hi Protein 2% Milk, 1 gal",4.41, 1 gal,($0.04/oz), Plus Hi Protein 2% Milk, Plus Hi Protein 2% Milk
111,So Delicious,Dairy & Eggs/Milk,0.0,"['  VEGETARIAN', '  LOW SODIUM', '  KOSHER', '  VEGAN', '  ORGANIC', '  GLUTEN FREE VERIFIED']",1283228,https://images.heb.com/is/image/HEBGrocery/prd-small/so-delicious-dairy-free-original-coconut-milk-001283228.jpg,"So Delicious Dairy Free Original Coconut Milk, 1/2 gal",3.28, 1/2 gal,($0.06/oz), Dairy Free Original Coconut Milk, Dairy Free Original Coconut Milk
112,Promised Land,Dairy & Eggs/Milk,0.0,"['  VEGETARIAN', '  KOSHER']",364061,https://images.heb.com/is/image/HEBGrocery/prd-small/promised-land-whole-milk-000364061.jpg,"Promised Land Whole Milk, 28 oz",3.07, 28 oz,($0.11/oz), Whole Milk, Whole Milk
113,Horizon Organic,Dairy & Eggs/Milk,0.0,"['  VEGETARIAN', '  ORGANIC', '  KOSHER']",714828,https://images.heb.com/is/image/HEBGrocery/prd-small/horizon-organic-dha-omega-3-chocolate-1-lowfat-milk-000714828.jpg,"Horizon Organic DHA Omega-3 Chocolate 1% Lowfat Milk, 1/2 gal",4.59, 1/2 gal,($0.08/oz), DHA Omega-3 Chocolate 1% Lowfat Milk, DHA Omega-3 Chocolate 1% Lowfat Milk
114,Rice Dream,Dairy & Eggs/Milk,0.0,"['  VEGETARIAN', '  HEART HEALTHY', '  LOW SODIUM', '  KOSHER', '  VEGAN', '  GLUTEN FREE VERIFIED']",1354637,https://images.heb.com/is/image/HEBGrocery/prd-small/rice-dream-original-rice-drink-001354637.jpg,"Rice Dream Original Rice Drink, 1/2 gal",3.48,,($0.06/oz), Original Rice Drink, Original Rice Drink
115,Good Karma,Dairy & Eggs/Milk,0.0,"['  VEGAN', '  LESS THAN 5G NET CARBS', '  LOW SODIUM', '  HEART HEALTHY', '  KOSHER', '  GLUTEN FREE VERIFIED', '  SUGAR FREE', '  VEGETARIAN']",1734767,https://images.heb.com/is/image/HEBGrocery/prd-small/good-karma-unsweetened-protein-flax-milk-001734767.jpg,"Good Karma Unsweetened + Protein Flax Milk, 1/2 gal",4.41, 1/2 gal,($0.07/oz), Unsweetened + Protein Flax Milk, Unsweetened + Protein Flax Milk
116,Horizon Organic,Dairy & Eggs/Milk,0.0,"['  VEGETARIAN', '  KOSHER', '  ORGANIC']",1943538,https://images.heb.com/is/image/HEBGrocery/prd-small/horizon-organic-lactose-free-whole-milk-001943538.jpg,"Horizon Organic Lactose Free Whole Milk, 1/2 gal",4.49, 1/2 gal,($0.08/oz), Lactose Free Whole Milk, Lactose Free Whole Milk
117,Polar,Dairy & Eggs/Milk,0.0,['  ORGANIC'],2102590,https://images.heb.com/is/image/HEBGrocery/prd-small/polar-premium-organic-coconut-milk-002102590.jpg,"Polar Premium Organic Coconut Milk, 13.5 oz",2.97, 13.5 oz,($0.22/oz), Premium Organic Coconut Milk, Premium Organic Coconut Milk
118,Yoo-hoo,Dairy & Eggs/Milk,0.0,"['  HEART HEALTHY', '  KOSHER']",1616041,https://images.heb.com/is/image/HEBGrocery/prd-small/yoo-hoo-chocolate-drink-001616041.jpg,"Yoo-hoo Chocolate Drink, 3 pk",1.03,,($0.35/pack), Chocolate Drink, Chocolate Drink
119,Ripple,Dairy & Eggs/Milk,0.0,"['  HEART HEALTHY', '  KOSHER', '  LOW SODIUM', '  GLUTEN FREE VERIFIED', '  VEGAN', '  VEGETARIAN']",2123744,https://images.heb.com/is/image/HEBGrocery/prd-small/ripple-dairy-free-chocolate-pea-milk-002123744.jpg,"Ripple Dairy Free Chocolate Pea Milk, 48 oz",4.09, 48 oz,($0.09/oz), Dairy Free Chocolate Pea Milk, Dairy Free Chocolate Pea Milk
120,Borden,Dairy & Eggs/Milk,0.0,"['  LOW SODIUM', '  VEGETARIAN', '  KOSHER', '  GO LOCAL']",1721039,https://images.heb.com/is/image/HEBGrocery/prd-small/borden-reduced-fat-2-milk-001721039.jpg,"Borden Reduced Fat 2% Milk, 1 qt",2.35, 1 qt,($0.08/oz), Reduced Fat 2% Milk, Reduced Fat 2% Milk
121,Shamrock Farms,Dairy & Eggs/Milk,0.0,"['  KOSHER', '  GLUTEN FREE VERIFIED']",1583075,https://images.heb.com/is/image/HEBGrocery/prd-small/shamrock-farms-rockin-refuel-muscle-builder-chocolate-protein-milk-beverage-001583075.jpg,"Shamrock Farms Rockin' Refuel Muscle Builder Chocolate Protein Milk Beverage, 12 oz",2.35, 12 oz,($0.20/oz), Rockin' Refuel Muscle Builder Chocolate Protein Milk Beverage, Rockin' Refuel Muscle Builder Chocolate Protein Milk Beverage
122,Thai Kitchen,Dairy & Eggs/Milk,0.0,"['  LESS THAN 5G NET CARBS', '  LOW SODIUM', '  VEGETARIAN', '  VEGAN', '  ORGANIC', '  GLUTEN FREE VERIFIED']",740627,https://images.heb.com/is/image/HEBGrocery/prd-small/thai-kitchen-organic-lite-coconut-milk-000740627.jpg,"Thai Kitchen Organic Lite Coconut Milk, 13.66 oz",2.11, 13.66 oz,($0.16/oz), Organic Lite Coconut Milk, Organic Lite Coconut Milk
123,Goya,Dairy & Eggs/Milk,0.0,['  VEGETARIAN'],128870,https://images.heb.com/is/image/HEBGrocery/prd-small/goya-cream-of-coconut-000128870.jpg,"Goya Cream of Coconut, 15 oz",2.35,,($0.16/oz), Cream of Coconut, Cream of Coconut
124,H-E-B,Dairy & Eggs/Milk,0.0,['  SELECT INGREDIENTS'],1935540,https://images.heb.com/is/image/HEBGrocery/prd-small/h-e-b-select-ingredients-instant-nonfat-dry-milk-001935540.jpg,"H‑E‑B Select Ingredients Instant Nonfat Dry Milk, 25.6 oz",7.19, 25.6 oz,($0.03/fl oz), Select Ingredients Instant Nonfat Dry Milk, Select Ingredients Instant Nonfat Dry Milk
125,Horizon Organic,Dairy & Eggs/Milk,0.0,"['  VEGETARIAN', '  KOSHER', '  ORGANIC']",483298,https://images.heb.com/is/image/HEBGrocery/prd-small/horizon-organic-chocolate-low-fat-milk-000483298.jpg,"Horizon Organic Chocolate Low-Fat Milk, 8 oz",1.03, 8 oz,($0.13/oz), Chocolate Low-Fat Milk, Chocolate Low-Fat Milk
126,Promised Land,Dairy & Eggs/Milk,0.0,"['  VEGETARIAN', '  KOSHER']",364062,https://images.heb.com/is/image/HEBGrocery/prd-small/promised-land-2-reduced-fat-milk-000364062.jpg,"Promised Land 2% Reduced Fat Milk, 28 oz",3.07, 28 oz,($0.11/oz), 2% Reduced Fat Milk, 2% Reduced Fat Milk
127,Horizon Organic,Dairy & Eggs/Milk,0.0,"['  KOSHER', '  VEGETARIAN', '  ORGANIC']",1130032,https://images.heb.com/is/image/HEBGrocery/prd-small/horizon-organic-chocolate-lowfat-milk-001130032.jpg,"Horizon Organic Chocolate Lowfat Milk, 12 pk",12.34, 12 pk,($0.13/oz), Chocolate Lowfat Milk, Chocolate Lowfat Milk
128,Borden,Dairy & Eggs/Milk,0.0,['  GO LOCAL'],1721116,https://images.heb.com/is/image/HEBGrocery/prd-small/borden-plus-hi-protein-2-reduced-fat-milk-001721116.jpg,"Borden Plus Hi Protein 2% Reduced Fat Milk, 1/2 gal",3.58, 1/2 gal,($0.06/oz), Plus Hi Protein 2% Reduced Fat Milk, Plus Hi Protein 2% Reduced Fat Milk
129,Ripple,Dairy & Eggs/Milk,0.0,"['  SUGAR FREE', '  HEART HEALTHY', '  LESS THAN 5G NET CARBS', '  LOW SODIUM', '  KOSHER', '  GLUTEN FREE VERIFIED', '  VEGAN', '  VEGETARIAN']",2398057,https://images.heb.com/is/image/HEBGrocery/prd-small/ripple-dairy-free-unsweetened-vanilla-pea-milk-002398057.jpg,"Ripple Dairy Free Unsweetened Vanilla Pea Milk, 48 oz",4.09, 48 oz,($0.09/oz), Dairy Free Unsweetened Vanilla Pea Milk, Dairy Free Unsweetened Vanilla Pea Milk
130,Horizon Organic,Dairy & Eggs/Milk,0.0,"['  KOSHER', '  ORGANIC']",2096166,https://images.heb.com/is/image/HEBGrocery/prd-small/horizon-organic-dha-omega-3-chocolate-lowfat-milk-002096166.jpg,"Horizon Organic DHA Omega-3 Chocolate Lowfat Milk, 12 pk",12.1, 12 pk,($0.13/oz), DHA Omega-3 Chocolate Lowfat Milk, DHA Omega-3 Chocolate Lowfat Milk
131,Horizon Organic,Dairy & Eggs/Milk,0.0,"['  KOSHER', '  VEGETARIAN', '  ORGANIC']",1712919,https://images.heb.com/is/image/HEBGrocery/prd-small/horizon-organic-dha-omega-3-chocolate-lowfat-milk-001712919.jpg,"Horizon Organic DHA Omega-3 Chocolate Lowfat Milk, 6 pk",7.05, 6 pk,($1.18/pack), DHA Omega-3 Chocolate Lowfat Milk, DHA Omega-3 Chocolate Lowfat Milk
132,Goya,Dairy & Eggs/Milk,0.0,"['  LESS THAN 5G NET CARBS', '  VEGAN', '  VEGETARIAN']",1476933,https://images.heb.com/is/image/HEBGrocery/prd-small/goya-reduced-fat-leche-de-coco-coconut-milk--001476933.jpg,"Goya Reduced Fat Leche de Coco (Coconut Milk), 13.5 oz",2.25, 13.5 oz,($0.17/oz), Reduced Fat Leche de Coco (Coconut Milk), Reduced Fat Leche de Coco (Coconut Milk)
133,Horizon Organic,Dairy & Eggs/Milk,0.0,"['  VEGETARIAN', '  LOW SODIUM', '  KOSHER', '  ORGANIC']",2029250,https://images.heb.com/is/image/HEBGrocery/prd-small/horizon-organic-lowfat-milk-002029250.jpg,"Horizon Organic Lowfat Milk, 12 pk",12.34, 12 pk,($1.03/pack), Lowfat Milk, Lowfat Milk
134,Blue Diamond,Dairy & Eggs/Milk,0.0,"['  LESS THAN 5G NET CARBS', '  SUGAR FREE', '  KOSHER', '  LOW SODIUM', '  GLUTEN FREE VERIFIED', '  VEGAN', '  VEGETARIAN']",1556687,https://images.heb.com/is/image/HEBGrocery/prd-small/blue-diamond-almonds-breeze-vanilla-unsweetened-almond-and-coconut-milk-blend-001556687.jpg,"Blue Diamond Almonds Breeze Vanilla Unsweetened Almond and Coconut Milk Blend, 32 oz",2.06, 32 oz,($0.07/oz), Almonds Breeze Vanilla Unsweetened Almond and Coconut Milk Blend, Almonds Breeze Vanilla Unsweetened Almond and Coconut Milk Blend
135,Nestle,Dairy & Eggs/Milk,0.0,"['  LOW SODIUM', '  KOSHER', '  GLUTEN FREE VERIFIED']",1121146,https://images.heb.com/is/image/HEBGrocery/prd-small/nestle-nesquik-chocolate-lowfat-milk-001121146.jpg,"Nestle Nesquik Chocolate Lowfat Milk, 16 pk",11.83, 16 pk,($0.10/fl oz), Nesquik Chocolate Lowfat Milk, Nesquik Chocolate Lowfat Milk
136,Nestle,Dairy & Eggs/Milk,0.0,"['  KOSHER', '  GLUTEN FREE VERIFIED', '  LOW SODIUM']",2113519,https://images.heb.com/is/image/HEBGrocery/prd-small/nestle-nesquik-low-fat-chocolate-milk-002113519.jpg,"Nestle Nesquik Low Fat Chocolate Milk, 48 oz, 6 pk",5.13, 48 oz,($0.86/pack), Nesquik Low Fat Chocolate Milk, Nesquik Low Fat Chocolate Milk
137,Blue Diamond,Dairy & Eggs/Milk,0.0,"['  LESS THAN 5G NET CARBS', '  SUGAR FREE', '  LOW SODIUM', '  KOSHER', '  GLUTEN FREE VERIFIED', '  VEGAN', '  VEGETARIAN']",1556684,https://images.heb.com/is/image/HEBGrocery/prd-small/blue-diamond-almonds-breeze-unsweetened-almond-and-coconut-milk-blend-001556684.jpg,"Blue Diamond Almonds Breeze Unsweetened Almond and Coconut  Milk Blend, 32 oz",2.06, 32 oz,($0.07/oz), Almonds Breeze Unsweetened Almond and Coconut  Milk Blend, Almonds Breeze Unsweetened Almond and Coconut  Milk Blend
138,Nestle,Dairy & Eggs/Milk,0.0,,1290139,https://images.heb.com/is/image/HEBGrocery/prd-small/nestle-nido-kinder-1-powdered-milk-beverage-001290139.jpg,"Nestle NIDO Kinder 1+ Powdered Milk Beverage, 56.3 oz",17.7, 56.3 oz,($0.32/oz), NIDO Kinder 1+ Powdered Milk Beverage, NIDO Kinder 1+ Powdered Milk Beverage
139,Yoo-hoo,Dairy & Eggs/Milk,0.0,['  KOSHER'],1659624,https://images.heb.com/is/image/HEBGrocery/prd-small/yoo-hoo-chocolate-drink-family-pack-001659624.jpg,"Yoo-hoo Chocolate Drink Family Pack, 32 pk",9.25,,($0.29/pack), Chocolate Drink Family Pack, Chocolate Drink Family Pack
140,Saco,Dairy & Eggs/Milk,0.0,"['  KOSHER', '  VEGETARIAN', '  HEART HEALTHY']",133248,https://images.heb.com/is/image/HEBGrocery/prd-small/saco-mix-n-drink-real-skim-milk-000133248.jpg,"Saco Mix 'N Drink Real Skim Milk, 9.6 oz",3.07, 9.6 oz,($0.04/fl oz), Mix 'N Drink Real Skim Milk, Mix 'N Drink Real Skim Milk
141,Horizon Organic,Dairy & Eggs/Milk,0.0,"['  LOW SODIUM', '  VEGETARIAN', '  KOSHER', '  ORGANIC']",483296,https://images.heb.com/is/image/HEBGrocery/prd-small/horizon-organic-vanilla-low-fat-milk-000483296.jpg,"Horizon Organic Vanilla Low-fat Milk, 8 oz",1.03, 8 oz,($0.13/oz), Vanilla Low-fat Milk, Vanilla Low-fat Milk
142,Horizon Organic,Dairy & Eggs/Milk,0.0,"['  LOW SODIUM', '  KOSHER', '  VEGETARIAN', '  ORGANIC']",1637274,https://images.heb.com/is/image/HEBGrocery/prd-small/horizon-organic-vanilla-lowfat-milk-001637274.jpg,"Horizon Organic Vanilla Lowfat Milk, 12 pk",12.34, 12 pk,($0.13/oz), Vanilla Lowfat Milk, Vanilla Lowfat Milk
143,Coconut Dream,Dairy & Eggs/Milk,0.0,"['  LESS THAN 5G NET CARBS', '  KOSHER', '  VEGAN', '  GLUTEN FREE VERIFIED', '  VEGETARIAN']",1494790,https://images.heb.com/is/image/HEBGrocery/prd-small/coconut-dream-original-unsweetened-coconut-drink-001494790.jpg,"Coconut Dream Original Unsweetened Coconut Drink, 32 oz",2.58,,($0.09/oz), Original Unsweetened Coconut Drink, Original Unsweetened Coconut Drink
144,Nestle,Dairy & Eggs/Milk,0.0,"['  VEGETARIAN', '  KOSHER']",146848,https://images.heb.com/is/image/HEBGrocery/prd-small/nestle-carnation-original-malted-milk-mix-000146848.jpg,"Nestle Carnation Original Malted Milk Mix, 13 oz",3.85, 13 oz,($0.30/oz), Carnation Original Malted Milk Mix, Carnation Original Malted Milk Mix
145,H-E-B,Dairy & Eggs/Milk,0.0,['  SELECT INGREDIENTS'],1935587,https://images.heb.com/is/image/HEBGrocery/prd-small/h-e-b-select-ingredients-instant-non-fat-dry-milk-001935587.jpg,"H‑E‑B Select Ingredients Instant Non‑Fat Dry Milk, 9.6 oz",3.8, 9.6 oz,($0.04/fl oz), Select Ingredients Instant Non‑Fat Dry Milk, Select Ingredients Instant Non‑Fat Dry Milk
146,REBBL,Dairy & Eggs/Milk,0.0,"['  GLUTEN FREE VERIFIED', '  VEGETARIAN', '  VEGAN', '  ORGANIC']",2140252,https://images.heb.com/is/image/HEBGrocery/prd-small/rebbl-organic-reishi-chocolate-elixr-002140252.jpg,"REBBL Organic Reishi Chocolate Elixr, 12 oz",4.11,,($0.35/oz), Organic Reishi Chocolate Elixr, Organic Reishi Chocolate Elixr
147,Saco,Dairy & Eggs/Milk,0.0,"['  KOSHER', '  VEGETARIAN', '  HEART HEALTHY']",1918333,https://images.heb.com/is/image/HEBGrocery/prd-small/saco-mix-n-drink-instant-skim-milk-001918333.jpg,"Saco Mix 'N Drink Instant Skim Milk, 3.2 oz",1.63, 3.2 oz,($0.51/oz), Mix 'N Drink Instant Skim Milk, Mix 'N Drink Instant Skim Milk
148,Horizon Organic,Dairy & Eggs/Milk,0.0,"['  KOSHER', '  LOW SODIUM', '  ORGANIC', '  VEGETARIAN']",1712912,https://images.heb.com/is/image/HEBGrocery/prd-small/horizon-organic-dha-omega-3-vanilla-lowfat-milk-001712912.jpg,"Horizon Organic DHA Omega-3 Vanilla Lowfat Milk, 6 pk",7.05, 6 pk,($1.18/pack), DHA Omega-3 Vanilla Lowfat Milk, DHA Omega-3 Vanilla Lowfat Milk
149,Nestle,Dairy & Eggs/Milk,0.0,['  LOW SODIUM'],1148619,https://images.heb.com/is/image/HEBGrocery/prd-small/nestle-nido-kinder-1-powdered-milk-beverage-001148619.jpg,"Nestle NIDO Kinder 1+ Powdered Milk Beverage, 12.6 oz",5.13, 12.6 oz,($0.41/oz), NIDO Kinder 1+ Powdered Milk Beverage, NIDO Kinder 1+ Powdered Milk Beverage
150,Hershey's,Dairy & Eggs/Milk,0.0,['  GLUTEN FREE VERIFIED'],2605577,https://images.heb.com/is/image/HEBGrocery/prd-small/hershey-s-chocolate-2-reduced-fat-milk-002605577.jpg,"Hershey's Chocolate 2% Reduced Fat Milk, 12 pk",9.45, 12 pk,($0.79/pack), Chocolate 2% Reduced Fat Milk, Chocolate 2% Reduced Fat Milk
151,Savoy,Dairy & Eggs/Milk,0.0,"['  VEGAN', '  VEGETARIAN', '  LESS THAN 5G NET CARBS']",537562,https://images.heb.com/is/image/HEBGrocery/prd-small/savoy-coconut-cream-000537562.jpg,"Savoy Coconut Cream, 13.5 oz",3.69,,($0.28/oz), Coconut Cream, Coconut Cream
152,Nestle,Dairy & Eggs/Milk,0.0,"['  LOW SODIUM', '  VEGETARIAN', '  KOSHER']",146849,https://images.heb.com/is/image/HEBGrocery/prd-small/nestle-carnation-chocolate-malted-milk-mix-000146849.jpg,"Nestle Carnation Chocolate Malted Milk Mix, 13 oz",3.85, 13 oz,($0.30/oz), Carnation Chocolate Malted Milk Mix, Carnation Chocolate Malted Milk Mix
153,Milkadamia,Dairy & Eggs/Milk,0.0,"['  LOW SODIUM', '  KOSHER', '  HEART HEALTHY', '  VEGAN', '  GLUTEN FREE VERIFIED', '  VEGETARIAN']",2077323,https://images.heb.com/is/image/HEBGrocery/prd-small/milkadamia-original-macadamia-milk-002077323.jpg,"Milkadamia Original Macadamia Milk, 32 oz",3.58, 32 oz,($0.12/oz), Original Macadamia Milk, Original Macadamia Milk
154,Coconut Dream,Dairy & Eggs/Milk,0.0,"['  GLUTEN FREE VERIFIED', '  VEGAN']",1494793,https://images.heb.com/is/image/HEBGrocery/prd-small/coconut-dream-vanilla-coconut-drink-001494793.jpg,"Coconut Dream Vanilla Coconut Drink, 32 oz",2.58,,($0.09/oz), Vanilla Coconut Drink, Vanilla Coconut Drink
155,Coconut Dream,Dairy & Eggs/Milk,0.0,"['  KOSHER', '  GLUTEN FREE VERIFIED']",1494792,https://images.heb.com/is/image/HEBGrocery/prd-small/coconut-dream-original-coconut-drink-001494792.jpg,"Coconut Dream Original Coconut Drink, 32 oz",2.58,,($0.09/oz), Original Coconut Drink, Original Coconut Drink
156,Nestle,Dairy & Eggs/Milk,0.0,,1925564,https://images.heb.com/is/image/HEBGrocery/prd-small/nestle-nido-pre-school-3-powdered-milk-beverage-001925564.jpg,"Nestle NIDO Pre-School 3+ Powdered Milk Beverage, 28.2 oz",10.69, 28.2 oz,($0.38/oz), NIDO Pre-School 3+ Powdered Milk Beverage, NIDO Pre-School 3+ Powdered Milk Beverage
157,Nestle,Dairy & Eggs/Milk,0.0,['  VEGETARIAN'],1148618,https://images.heb.com/is/image/HEBGrocery/prd-small/nestle-nido-fortificada-nbsp-dry-whole-milk-powdered-drink-mix-001148618.jpg,"Nestle NIDO Fortificada Dry Whole Milk Powdered Drink Mix, 12.6 oz",4.61, 12.6 oz,($0.37/oz), NIDO Fortificada Dry Whole Milk Powdered Drink Mix, NIDO Fortificada Dry Whole Milk Powdered Drink Mix
158,Dream,Dairy & Eggs/Milk,0.0,"['  VEGAN', '  LOW SODIUM', '  HEART HEALTHY', '  KOSHER', '  VEGETARIAN']",2623046,https://images.heb.com/is/image/HEBGrocery/prd-small/dream-oat-beverage-chocolate-002623046.jpg,"Dream Oat Beverage Chocolate, 32 fl oz",2.58,,($0.09/oz), Oat Beverage Chocolate, Oat Beverage Chocolate
159,Goya,Dairy & Eggs/Milk,0.0,['  VEGETARIAN'],1964546,https://images.heb.com/is/image/HEBGrocery/prd-small/goya-coconut-milk-drink-001964546.jpg,"Goya Coconut Milk Drink, 11.15 oz",1.63, 11.15 oz,($0.15/oz), Coconut Milk Drink, Coconut Milk Drink
160,Blue Diamond,Dairy & Eggs/Milk,0.0,"['  KOSHER', '  HEART HEALTHY', '  LESS THAN 5G NET CARBS', '  SUGAR FREE', '  VEGAN', '  GLUTEN FREE VERIFIED', '  VEGETARIAN']",1417091,https://images.heb.com/is/image/HEBGrocery/prd-small/blue-diamond-almond-breeze-original-unsweetened-almond-milk-001417091.jpg,"Blue Diamond Almond Breeze Original Unsweetened Almond Milk, 1/2 gal",2.8, 1/2 gal,($0.05/oz), Almond Breeze Original Unsweetened Almond Milk, Almond Breeze Original Unsweetened Almond Milk
161,Hill Country Fare,Dairy & Eggs/Milk,0.0,,3316025,https://images.heb.com/is/image/HEBGrocery/prd-small/hill-country-fare-reduced-fat-2-nbsp-milk-003316025.jpg,"Hill Country Fare Reduced Fat 2% Milk, 1/2 gal",1.6, 1/2 gal,($0.03/oz), Reduced Fat 2% Milk, Reduced Fat 2% Milk
162,Blue Diamond,Dairy & Eggs/Milk,0.0,"['  LESS THAN 5G NET CARBS', '  KOSHER', '  SUGAR FREE', '  HEART HEALTHY', '  GLUTEN FREE VERIFIED', '  VEGAN', '  VEGETARIAN']",1292296,https://images.heb.com/is/image/HEBGrocery/prd-small/blue-diamond-almond-breeze-vanilla-unsweetened-almond-milk-001292296.jpg,"Blue Diamond Almond Breeze Vanilla Unsweetened Almond Milk, 1/2 gal",2.8, 1/2 gal,($0.05/oz), Almond Breeze Vanilla Unsweetened Almond Milk, Almond Breeze Vanilla Unsweetened Almond Milk
163,Planet Oat,Dairy & Eggs/Milk,0.0,"['  VEGETARIAN', '  VEGAN', '  KOSHER', '  LOW SODIUM', '  HEART HEALTHY', '  GLUTEN FREE VERIFIED']",2912526,https://images.heb.com/is/image/HEBGrocery/prd-small/planet-oat-extra-creamy-original-oat-milk-002912526.jpg,"Planet Oat Extra Creamy Original Oat Milk, 52 oz",4.1, 52 oz,($0.08/oz), Extra Creamy Original Oat Milk, Extra Creamy Original Oat Milk
164,Hill Country Fare,Dairy & Eggs/Milk,0.0,,3316023,https://images.heb.com/is/image/HEBGrocery/prd-small/hill-country-fare-whole-milk-003316023.jpg,"Hill Country Fare Whole Milk, 1/2 gal",1.6, 1/2 gal,($0.03/oz), Whole Milk, Whole Milk
165,Blue Diamond,Dairy & Eggs/Milk,0.0,"['  HEART HEALTHY', '  KOSHER', '  VEGAN', '  GLUTEN FREE VERIFIED', '  VEGETARIAN']",1292295,https://images.heb.com/is/image/HEBGrocery/prd-small/blue-diamond-almond-breeze-vanilla-almond-milk-001292295.jpg,"Blue Diamond Almond Breeze Vanilla Almond Milk, 1/2 gal",2.8, 1/2 gal,($0.05/oz), Almond Breeze Vanilla Almond Milk, Almond Breeze Vanilla Almond Milk
166,Silk,Dairy & Eggs/Milk,0.0,"['  GLUTEN FREE VERIFIED', '  LESS THAN 5G NET CARBS', '  HEART HEALTHY', '  KOSHER', '  LOW SODIUM', '  SUGAR FREE']",1428405,https://images.heb.com/is/image/HEBGrocery/prd-small/silk-original-unsweetened-almond-milk-001428405.jpg,"Silk Original Unsweetened Almond Milk, 1/2 gal",2.86, 1/2 gal,($0.05/oz), Original Unsweetened Almond Milk, Original Unsweetened Almond Milk
167,Blue Diamond,Dairy & Eggs/Milk,0.0,"['  KOSHER', '  HEART HEALTHY', '  VEGETARIAN', '  GLUTEN FREE VERIFIED', '  VEGAN']",1292293,https://images.heb.com/is/image/HEBGrocery/prd-small/blue-diamond-almond-breeze-original-almond-milk-001292293.jpg,"Blue Diamond Almond Breeze Original Almond Milk, 1/2 gal",2.8, 1/2 gal,($0.05/oz), Almond Breeze Original Almond Milk, Almond Breeze Original Almond Milk
168,Planet Oat,Dairy & Eggs/Milk,0.0,"['  VEGETARIAN', '  LOW SODIUM', '  HEART HEALTHY', '  VEGAN', '  KOSHER', '  GLUTEN FREE VERIFIED']",2912531,https://images.heb.com/is/image/HEBGrocery/prd-small/planet-oat-vanilla-oat-milk-002912531.jpg,"Planet Oat Vanilla Oat Milk, 52 oz",4.1, 52 oz,($0.08/oz), Vanilla Oat Milk, Vanilla Oat Milk
169,Silk,Dairy & Eggs/Milk,0.0,"['  HEART HEALTHY', '  KOSHER', '  GLUTEN FREE VERIFIED']",1360532,https://images.heb.com/is/image/HEBGrocery/prd-small/silk-original-almond-milk-001360532.jpg,"Silk Original Almond Milk, 1/2 gal",2.86, 1/2 gal,($0.05/oz), Original Almond Milk, Original Almond Milk
170,Silk,Dairy & Eggs/Milk,0.0,"['  LOW SODIUM', '  HEART HEALTHY', '  KOSHER', '  GLUTEN FREE VERIFIED']",314196,https://images.heb.com/is/image/HEBGrocery/prd-small/silk-original-soy-milk-000314196.jpg,"Silk Original Soy Milk, 1/2 gal",2.66, 1/2 gal,($0.05/oz), Original Soy Milk, Original Soy Milk
171,Silk,Dairy & Eggs/Milk,0.0,"['  LESS THAN 5G NET CARBS', '  HEART HEALTHY', '  SUGAR FREE', '  KOSHER', '  LOW SODIUM', '  GLUTEN FREE VERIFIED']",1518784,https://images.heb.com/is/image/HEBGrocery/prd-small/silk-unsweetened-vanilla-almond-milk-001518784.jpg,"Silk Unsweetened Vanilla Almond Milk, 1/2 gal",2.86, 1/2 gal,($0.05/oz), Unsweetened Vanilla Almond Milk, Unsweetened Vanilla Almond Milk
172,Silk,Dairy & Eggs/Milk,0.0,"['  LESS THAN 5G NET CARBS', '  HEART HEALTHY', '  GLUTEN FREE VERIFIED', '  SUGAR FREE', '  KOSHER', '  LOW SODIUM']",2060869,https://images.heb.com/is/image/HEBGrocery/prd-small/silk-almond-unsweetened-original-almond-milk-002060869.jpg,"Silk Almond Unsweetened Original Almond Milk, 96 oz",4.51, 96 oz,($0.05/oz), Almond Unsweetened Original Almond Milk, Almond Unsweetened Original Almond Milk
173,Hill Country Fare,Dairy & Eggs/Milk,0.0,,3316026,https://images.heb.com/is/image/HEBGrocery/prd-small/hill-country-fare-1-low-fat-milk-003316026.jpg,"Hill Country Fare 1% Low Fat Milk, 1/2 gal",1.6, 1/2 gal,($0.03/oz), 1% Low Fat Milk, 1% Low Fat Milk
174,H-E-B,Dairy & Eggs/Milk,0.0,"['  VEGETARIAN', '  ORGANIC', '  GLUTEN FREE VERIFIED', '  LESS THAN 5G NET CARBS', '  HEART HEALTHY', '  VEGAN', '  KOSHER']",1741526,https://images.heb.com/is/image/HEBGrocery/prd-small/h-e-b-organics-unsweet-vanilla-almond-milk-001741526.jpg,"H‑E‑B Organics Unsweet Vanilla Almond Milk, 1/2 gal",3.38, 1/2 gal,($0.06/oz), Organics Unsweet Vanilla Almond Milk, Organics Unsweet Vanilla Almond Milk
175,Silk,Dairy & Eggs/Milk,0.0,"['  LOW SODIUM', '  HEART HEALTHY', '  KOSHER', '  SUGAR FREE', '  GLUTEN FREE VERIFIED', '  LESS THAN 5G NET CARBS']",2060871,https://images.heb.com/is/image/HEBGrocery/prd-small/silk-almond-unsweetened-vanilla-almond-milk-002060871.jpg,"Silk Almond Unsweetened Vanilla Almond Milk, 96 oz",4.51, 96 oz,($0.05/oz), Almond Unsweetened Vanilla Almond Milk, Almond Unsweetened Vanilla Almond Milk
176,H-E-B,Dairy & Eggs/Milk,0.0,"['  HEART HEALTHY', '  KOSHER', '  VEGETARIAN', '  GLUTEN FREE VERIFIED', '  VEGAN', '  ORGANIC']",1741519,https://images.heb.com/is/image/HEBGrocery/prd-small/h-e-b-organics-original-almond-milk-001741519.jpg,"H‑E‑B Organics Original Almond Milk, 1/2 gal",3.38, 1/2 gal,($0.06/oz), Organics Original Almond Milk, Organics Original Almond Milk
177,Silk,Dairy & Eggs/Milk,0.0,"['  LOW SODIUM', '  HEART HEALTHY', '  KOSHER', '  GLUTEN FREE VERIFIED']",1360533,https://images.heb.com/is/image/HEBGrocery/prd-small/silk-vanilla-almond-milk-001360533.jpg,"Silk Vanilla Almond Milk, 1/2 gal",2.86, 1/2 gal,($0.05/oz), Vanilla Almond Milk, Vanilla Almond Milk
178,Silk,Dairy & Eggs/Milk,0.0,"['  LOW SODIUM', '  HEART HEALTHY', '  KOSHER', '  LESS THAN 5G NET CARBS', '  GLUTEN FREE VERIFIED', '  ORGANIC']",632482,https://images.heb.com/is/image/HEBGrocery/prd-small/silk-organic-unsweetened-soy-milk-000632482.jpg,"Silk Organic Unsweetened Soy Milk, 1/2 gal",2.66, 1/2 gal,($0.05/oz), Organic Unsweetened Soy Milk, Organic Unsweetened Soy Milk
179,Central Market,Dairy & Eggs/Milk,0.0,['  ORGANIC'],2595154,https://images.heb.com/is/image/HEBGrocery/prd-small/central-market-organic-whole-milk-with-dha-002595154.jpg,"Central Market Organic Whole Milk with DHA, 1/2 gal",4.1, 1/2 gal,($0.07/oz), Organic Whole Milk with DHA, Organic Whole Milk with DHA
180,Silk,Dairy & Eggs/Milk,0.0,"['  HEART HEALTHY', '  KOSHER', '  GLUTEN FREE VERIFIED']",1407245,https://images.heb.com/is/image/HEBGrocery/prd-small/silk-dark-chocolate-almond-milk-001407245.jpg,"Silk Dark Chocolate Almond Milk, 1/2 gal",2.86, 1/2 gal,($0.05/oz), Dark Chocolate Almond Milk, Dark Chocolate Almond Milk
181,H-E-B,Dairy & Eggs/Milk,0.0,,3559135,https://images.heb.com/is/image/HEBGrocery/prd-small/h-e-b-organics-unsweetened-original-almond-milk-003559135.jpg,"H‑E‑B Organics Unsweetened Original Almond Milk, 64 oz",3.38, 64 oz,($0.06/oz), Organics Unsweetened Original Almond Milk, Organics Unsweetened Original Almond Milk
182,Blue Diamond,Dairy & Eggs/Milk,0.0,"['  KOSHER', '  HEART HEALTHY', '  GLUTEN FREE VERIFIED', '  VEGAN', '  VEGETARIAN']",2228926,https://images.heb.com/is/image/HEBGrocery/prd-small/blue-diamond-almond-breeze-chocolate-almond-milk-002228926.jpg,"Blue Diamond Almond Breeze Chocolate Almond Milk, 1/2 gal",2.8, 1/2 gal,($0.05/oz), Almond Breeze Chocolate Almond Milk, Almond Breeze Chocolate Almond Milk
183,Califia Farms,Dairy & Eggs/Milk,0.0,"['  LESS THAN 5G NET CARBS', '  HEART HEALTHY', '  SUGAR FREE', '  KOSHER', '  GLUTEN FREE VERIFIED', '  VEGAN', '  VEGETARIAN']",1894946,https://images.heb.com/is/image/HEBGrocery/prd-small/califia-farms-unsweetened-pure-almond-milk-001894946.jpg,"Califia Farms Unsweetened Pure Almond Milk, 48 oz",3.58, 48 oz,($0.08/oz), Unsweetened Pure Almond Milk, Unsweetened Pure Almond Milk
184,Silk,Dairy & Eggs/Milk,0.0,"['  LOW SODIUM', '  KOSHER', '  HEART HEALTHY', '  GLUTEN FREE VERIFIED']",314200,https://images.heb.com/is/image/HEBGrocery/prd-small/silk-vanilla-soy-milk-000314200.jpg,"Silk Vanilla Soy Milk, 1/2 gal",2.66, 1/2 gal,($0.05/oz), Vanilla Soy Milk, Vanilla Soy Milk
185,Central Market,Dairy & Eggs/Milk,0.0,['  ORGANIC'],2595159,https://images.heb.com/is/image/HEBGrocery/prd-small/central-market-organics-2-reduced-fat-milk-with-dha-002595159.jpg,"Central Market Organics 2% Reduced Fat Milk with DHA, 1/2 gal",4.1, 1/2 gal,($0.07/oz), Organics 2% Reduced Fat Milk with DHA, Organics 2% Reduced Fat Milk with DHA
186,Simply,Dairy & Eggs/Milk,0.0,"['  LOW SODIUM', '  KOSHER', '  GLUTEN FREE VERIFIED', '  SUGAR FREE']",4029575,https://images.heb.com/is/image/HEBGrocery/prd-small/simply-almond-unsweetened-original-milk-004029575.jpg,"Simply Almond Unsweetened Original Milk, 46 oz",3.75, 46 oz,($0.09/fl oz), Almond Unsweetened Original Milk, Almond Unsweetened Original Milk
187,Califia Farms,Dairy & Eggs/Milk,0.0,"['  SUGAR FREE', '  LESS THAN 5G NET CARBS', '  VEGAN', '  HEART HEALTHY', '  KOSHER', '  GLUTEN FREE VERIFIED', '  VEGETARIAN']",2119710,https://images.heb.com/is/image/HEBGrocery/prd-small/califia-farms-unsweetened-vanilla-pure-almond-milk-002119710.jpg,"Califia Farms Unsweetened Vanilla Pure Almond Milk, 48 oz",3.58, 48 oz,($0.08/oz), Unsweetened Vanilla Pure Almond Milk, Unsweetened Vanilla Pure Almond Milk
188,Califia Farms,Dairy & Eggs/Milk,0.0,"['  VEGAN', '  GLUTEN FREE VERIFIED', '  LESS THAN 5G NET CARBS', '  KOSHER', '  SUGAR FREE', '  VEGETARIAN']",1894945,https://images.heb.com/is/image/HEBGrocery/prd-small/califia-farms-coconut-blend-almond-milk-001894945.jpg,"Califia Farms Coconut Blend Almond Milk, 48 oz",3.58, 48 oz,($0.08/oz), Coconut Blend Almond Milk, Coconut Blend Almond Milk
189,Silk,Dairy & Eggs/Milk,0.0,"['  SUGAR FREE', '  KOSHER', '  GLUTEN FREE VERIFIED', '  LESS THAN 5G NET CARBS', '  HEART HEALTHY']",1947864,https://images.heb.com/is/image/HEBGrocery/prd-small/silk-unsweetened-vanilla-cashew-milk-001947864.jpg,"Silk Unsweetened Vanilla Cashew Milk, 1/2 gal",3.17, 1/2 gal,($0.05/oz), Unsweetened Vanilla Cashew Milk, Unsweetened Vanilla Cashew Milk
190,Califia Farms,Dairy & Eggs/Milk,0.0,"['  KOSHER', '  LOW SODIUM', '  VEGETARIAN', '  VEGAN', '  GLUTEN FREE VERIFIED']",3301520,https://images.heb.com/is/image/HEBGrocery/prd-small/califia-farms-unsweetened-oat-milk-003301520.jpg,"Califia Farms Unsweetened Oat Milk, 48 oz",3.58, 48 oz,($0.08/fl oz), Unsweetened Oat Milk, Unsweetened Oat Milk
191,Central Market,Dairy & Eggs/Milk,0.0,['  ORGANIC'],1354723,https://images.heb.com/is/image/HEBGrocery/prd-small/central-market-organics-plain-soy-milk-001354723.jpg,"Central Market Organics Plain Soy Milk, 1/2 gal",2.97, 1/2 gal,($0.05/oz), Organics Plain Soy Milk, Organics Plain Soy Milk
192,Silk,Dairy & Eggs/Milk,0.0,"['  HEART HEALTHY', '  KOSHER', '  GLUTEN FREE VERIFIED']",1669685,https://images.heb.com/is/image/HEBGrocery/prd-small/silk-light-vanilla-almond-milk-001669685.jpg,"Silk Light Vanilla Almond Milk, 1/2 gal",2.86, 1/2 gal,($0.05/oz), Light Vanilla Almond Milk, Light Vanilla Almond Milk
193,Hill Country Fare,Dairy & Eggs/Milk,0.0,,3952022,https://images.heb.com/is/image/HEBGrocery/prd-small/hill-country-fare-unsweetened-vanilla-almond-milk-003952022.jpg,"Hill Country Fare Unsweetened Vanilla Almond Milk, 64 oz",1.87, 64 oz,($0.03/oz), Unsweetened Vanilla Almond Milk, Unsweetened Vanilla Almond Milk
194,Silk,Dairy & Eggs/Milk,0.0,"['  GLUTEN FREE VERIFIED', '  LESS THAN 5G NET CARBS', '  HEART HEALTHY', '  KOSHER']",1669683,https://images.heb.com/is/image/HEBGrocery/prd-small/silk-light-original-almond-milk-001669683.jpg,"Silk Light Original Almond Milk, 1/2 gal",2.86, 1/2 gal,($0.05/oz), Light Original Almond Milk, Light Original Almond Milk
195,OATLY,Dairy & Eggs/Milk,0.0,"['  LOW SODIUM', '  HEART HEALTHY', '  VEGETARIAN', '  KOSHER', '  VEGAN', '  GLUTEN FREE VERIFIED']",2242163,https://images.heb.com/is/image/HEBGrocery/prd-small/oatly-low-fat-oat-milk-002242163.jpg,"OATLY Low-Fat Oat Milk, 1/2 gal",4.51, 1/2 gal,($0.08/oz), Low-Fat Oat Milk, Low-Fat Oat Milk
196,Simply,Dairy & Eggs/Milk,0.0,"['  LOW SODIUM', '  GLUTEN FREE VERIFIED', '  KOSHER']",4029574,https://images.heb.com/is/image/HEBGrocery/prd-small/simply-almond-vanilla-milk-004029574.jpg,"Simply Almond Vanilla Milk, 46 oz",3.75, 46 oz,($0.09/oz), Almond Vanilla Milk, Almond Vanilla Milk
197,Central Market,Dairy & Eggs/Milk,0.0,['  ORGANIC'],2904573,https://images.heb.com/is/image/HEBGrocery/prd-small/central-market-organics-chocolate-milk-002904573.jpg,"Central Market Organics Chocolate Milk, 1/2 gal",3.07, 1/2 gal,($0.05/oz), Organics Chocolate Milk, Organics Chocolate Milk
198,H-E-B,Dairy & Eggs/Milk,0.0,,4557006,https://images.heb.com/is/image/HEBGrocery/prd-small/h-e-b-low-fat-original-oat-milk-004557006.jpg,"H‑E‑B Low Fat Original Oat Milk, 64 oz",3.58, 64 oz,($0.06/fl oz), Low Fat Original Oat Milk, Low Fat Original Oat Milk
199,Hill Country Fare,Dairy & Eggs/Milk,0.0,,3952021,https://images.heb.com/is/image/HEBGrocery/prd-small/hill-country-fare-original-almond-milk-003952021.jpg,"Hill Country Fare Original Almond Milk, 64 oz",1.87, 64 oz,($0.03/oz), Original Almond Milk, Original Almond Milk
200,Califia Farms,Dairy & Eggs/Milk,0.0,"['  HEART HEALTHY', '  KOSHER', '  LESS THAN 5G NET CARBS', '  GLUTEN FREE VERIFIED', '  VEGAN', '  VEGETARIAN']",1894881,https://images.heb.com/is/image/HEBGrocery/prd-small/califia-farms-original-pure-almond-milk-001894881.jpg,"Califia Farms Original Pure Almond Milk, 48 oz",3.58, 48 oz,($0.08/oz), Original Pure Almond Milk, Original Pure Almond Milk
201,Califia Farms,Dairy & Eggs/Milk,0.0,"['  HEART HEALTHY', '  KOSHER', '  LESS THAN 5G NET CARBS', '  GLUTEN FREE VERIFIED', '  VEGAN', '  VEGETARIAN']",1894947,https://images.heb.com/is/image/HEBGrocery/prd-small/califia-farms-vanilla-almond-milk-001894947.jpg,"Califia Farms Vanilla Almond Milk, 48 oz",3.58, 48 oz,($0.08/oz), Vanilla Almond Milk, Vanilla Almond Milk
202,Blue Diamond,Dairy & Eggs/Milk,0.0,"['  LESS THAN 5G NET CARBS', '  LOW SODIUM', '  KOSHER', '  SUGAR FREE', '  VEGAN', '  GLUTEN FREE VERIFIED', '  VEGETARIAN']",1519320,https://images.heb.com/is/image/HEBGrocery/prd-small/blue-diamond-almond-breeze-unsweetened-almond-coconut-almond-milk-001519320.jpg,"Blue Diamond Almond Breeze Unsweetened Almond Coconut Almond Milk, 1/2 gal",2.8, 1/2 gal,($0.05/oz), Almond Breeze Unsweetened Almond Coconut Almond Milk, Almond Breeze Unsweetened Almond Coconut Almond Milk
203,H-E-B,Dairy & Eggs/Milk,0.0,['  SELECT INGREDIENTS'],2768019,https://images.heb.com/is/image/HEBGrocery/prd-small/h-e-b-select-ingredients-lactose-free-chocolate-reduced-fat-2-milk-002768019.jpg,"H‑E‑B Select Ingredients Lactose Free Chocolate Reduced Fat 2% Milk, 1/2 gal",2.96, 1/2 gal,($0.05/oz), Select Ingredients Lactose Free Chocolate Reduced Fat 2% Milk, Select Ingredients Lactose Free Chocolate Reduced Fat 2% Milk
204,Nestle,Dairy & Eggs/Milk,0.0,"['  GLUTEN FREE VERIFIED', '  LOW SODIUM', '  KOSHER']",4000022,https://images.heb.com/is/image/HEBGrocery/prd-small/nestle-nesquik-lowfat-chocolate-milk-004000022.jpg,"Nestle Nesquik Lowfat Chocolate Milk, 56 oz",3.38, 56 oz,($0.07/fl oz), Nesquik Lowfat Chocolate Milk, Nesquik Lowfat Chocolate Milk
205,Silk,Dairy & Eggs/Milk,0.0,"['  HEART HEALTHY', '  KOSHER', '  LESS THAN 5G NET CARBS', '  LOW SODIUM', '  ORGANIC', '  GLUTEN FREE VERIFIED']",713993,https://images.heb.com/is/image/HEBGrocery/prd-small/silk-unsweetened-vanilla-soy-milk-000713993.jpg,"Silk Unsweetened Vanilla Soy Milk, 1/2 gal",2.66, 1/2 gal,($0.05/oz), Unsweetened Vanilla Soy Milk, Unsweetened Vanilla Soy Milk
206,Mariani,Dairy & Eggs/Milk,0.0,"['  KOSHER', '  HEART HEALTHY', '  LOW SODIUM', '  LESS THAN 5G NET CARBS', '  SUGAR FREE', '  GLUTEN FREE VERIFIED']",2194405,https://images.heb.com/is/image/HEBGrocery/prd-small/mariani-unsweetened-walnut-milk-002194405.jpg,"Mariani Unsweetened Walnut Milk, 1/2 gal",3.07, 1/2 gal,($0.05/oz), Unsweetened Walnut Milk, Unsweetened Walnut Milk
207,Good Karma,Dairy & Eggs/Milk,0.0,"['  SUGAR FREE', '  LESS THAN 5G NET CARBS', '  VEGAN', '  LOW SODIUM', '  HEART HEALTHY', '  KOSHER', '  GLUTEN FREE VERIFIED', '  VEGETARIAN']",2120356,https://images.heb.com/is/image/HEBGrocery/prd-small/good-karma-unsweetened-vanilla-protein-flax-milk-002120356.jpg,"Good Karma Unsweetened Vanilla + Protein Flax Milk, 64 oz",4.41, 64 oz,($0.07/oz), Unsweetened Vanilla + Protein Flax Milk, Unsweetened Vanilla + Protein Flax Milk
208,Nestle,Dairy & Eggs/Milk,0.0,['  KOSHER'],2043587,https://images.heb.com/is/image/HEBGrocery/prd-small/nestle-nesquik-nbsp-protein-power-chocolate-milk-002043587.jpg,"Nestle Nesquik Protein Power Chocolate Milk, 14 oz",1.8, 14 oz,($0.13/oz), Nesquik Protein Power Chocolate Milk, Nesquik Protein Power Chocolate Milk
209,Blue Diamond,Dairy & Eggs/Milk,0.0,"['  HEART HEALTHY', '  LESS THAN 5G NET CARBS', '  KOSHER', '  SUGAR FREE', '  GLUTEN FREE VERIFIED', '  VEGAN', '  VEGETARIAN']",967249,https://images.heb.com/is/image/HEBGrocery/prd-small/blue-diamond-almond-breeze-unsweetened-chocolate-almond-milk-000967249.jpg,"Blue Diamond Almond Breeze Unsweetened Chocolate Almond Milk, 32 oz",2.0, 32 oz,($0.07/oz), Almond Breeze Unsweetened Chocolate Almond Milk, Almond Breeze Unsweetened Chocolate Almond Milk
210,Central Market,Dairy & Eggs/Milk,0.0,"['  ORGANIC', '  GLUTEN FREE VERIFIED']",1354722,https://images.heb.com/is/image/HEBGrocery/prd-small/central-market-organics-vanilla-soy-milk-001354722.jpg,"Central Market Organics Vanilla Soy Milk, 1/2 gal",2.97, 1/2 gal,($0.05/oz), Organics Vanilla Soy Milk, Organics Vanilla Soy Milk
211,Nestle,Dairy & Eggs/Milk,0.0,,4771051,https://images.heb.com/is/image/HEBGrocery/prd-small/nestle-nesquik-strawberry-protein-power-milk-beverage-004771051.jpg,"Nestle Nesquik Strawberry Protein Power Milk Beverage, 14 oz",1.8, 14 oz,($0.13/fl oz), Nesquik Strawberry Protein Power Milk Beverage, Nesquik Strawberry Protein Power Milk Beverage
212,Mariani,Dairy & Eggs/Milk,0.0,"['  LOW SODIUM', '  HEART HEALTHY', '  KOSHER', '  GLUTEN FREE VERIFIED', '  LESS THAN 5G NET CARBS']",2194408,https://images.heb.com/is/image/HEBGrocery/prd-small/mariani-original-walnut-milk-002194408.jpg,"Mariani Original Walnut Milk, 1/2 gal",3.07, 1/2 gal,($0.05/oz), Original Walnut Milk, Original Walnut Milk
213,Silk,Dairy & Eggs/Milk,0.0,"['  GLUTEN FREE VERIFIED', '  ORGANIC', '  KOSHER', '  LOW SODIUM', '  LESS THAN 5G NET CARBS', '  HEART HEALTHY']",625801,https://images.heb.com/is/image/HEBGrocery/prd-small/silk-organic-unsweetened-soy-milk-000625801.jpg,"Silk Organic Unsweetened Soy Milk, 1 qt",2.04, 1 qt,($0.07/oz), Organic Unsweetened Soy Milk, Organic Unsweetened Soy Milk
214,Horizon Organic,Dairy & Eggs/Milk,0.0,"['  KOSHER', '  LOW SODIUM', '  VEGETARIAN', '  ORGANIC']",483294,https://images.heb.com/is/image/HEBGrocery/prd-small/horizon-organic-1-lowfat-milk-000483294.jpg,"Horizon Organic 1% Lowfat Milk, 8 oz",1.03, 8 oz,($0.13/oz), 1% Lowfat Milk, 1% Lowfat Milk
215,Nestle,Dairy & Eggs/Milk,0.0,"['  LOW SODIUM', '  VEGETARIAN']",1269227,https://images.heb.com/is/image/HEBGrocery/prd-small/nestle-la-lechera-authentic-dulce-de-leche-milk-based-caramel-001269227.jpg,"Nestle La Lechera Authentic Dulce de Leche Milk-Based Caramel, 11.5 oz",2.55, 11.5 oz,($0.22/oz), La Lechera Authentic Dulce de Leche Milk-Based Caramel, La Lechera Authentic Dulce de Leche Milk-Based Caramel
216,Chobani,Dairy & Eggs/Milk,0.0,,4756108,https://images.heb.com/is/image/HEBGrocery/prd-small/chobani-oat-plain-oat-milk-004756108.jpg,"Chobani Oat Plain Oat Milk, 52 oz",3.89, 52 oz,($0.08/fl oz), Oat Plain Oat Milk, Oat Plain Oat Milk
217,Chobani,Dairy & Eggs/Milk,0.0,,4756104,https://images.heb.com/is/image/HEBGrocery/prd-small/chobani-oat-zero-sugar-plain-oat-milk-004756104.jpg,"Chobani Oat Zero Sugar Plain Oat Milk, 52 oz",3.89, 52 oz,($0.08/fl oz), Oat Zero Sugar Plain Oat Milk, Oat Zero Sugar Plain Oat Milk
218,Mariani,Dairy & Eggs/Milk,0.0,,2956044,https://images.heb.com/is/image/HEBGrocery/prd-small/mariani-vanilla-walnut-milk-002956044.jpg,"Mariani Vanilla Walnut Milk, 1/2 gal",3.07, 1/2 gal,($0.05/oz), Vanilla Walnut Milk, Vanilla Walnut Milk
219,Silk,Dairy & Eggs/Milk,0.0,"['  LESS THAN 5G NET CARBS', '  HEART HEALTHY', '  SUGAR FREE', '  KOSHER', '  LOW SODIUM', '  GLUTEN FREE VERIFIED']",1584770,https://images.heb.com/is/image/HEBGrocery/prd-small/silk-purealmond-vanilla-unsweetened-almond-milk-001584770.jpg,"Silk PureAlmond Vanilla Unsweetened Almond Milk, 1 qt",2.04, 1 qt,($0.07/oz), PureAlmond Vanilla Unsweetened Almond Milk, PureAlmond Vanilla Unsweetened Almond Milk
220,Generous Provisions,Dairy & Eggs/Milk,0.0,"['  ORGANIC', '  GLUTEN FREE VERIFIED', '  VEGAN', '  LOW SATURATED FAT']",2707011,https://images.heb.com/is/image/HEBGrocery/prd-small/generous-provisions-organic-vanilla-almond-milk-002707011.jpg,"Generous Provisions Organic Vanilla Almond Milk, 32 oz",2.06, 32 oz,($0.07/oz), Organic Vanilla Almond Milk, Organic Vanilla Almond Milk
221,Ripple,Dairy & Eggs/Milk,0.0,"['  HEART HEALTHY', '  LOW SODIUM', '  GLUTEN FREE VERIFIED', '  VEGAN', '  VEGETARIAN']",2414012,https://images.heb.com/is/image/HEBGrocery/prd-small/ripple-chocolate-dairy-free-pea-milk-002414012.jpg,"Ripple Chocolate Dairy-Free Pea Milk, 8 oz",0.62, 8 oz,($0.08/oz), Chocolate Dairy-Free Pea Milk, Chocolate Dairy-Free Pea Milk
222,Living Harvest,Dairy & Eggs/Milk,0.0,"['  VEGETARIAN', '  LESS THAN 5G NET CARBS', '  KOSHER', '  LOW SODIUM', '  SUGAR FREE', '  VEGAN', '  GLUTEN FREE VERIFIED']",2624007,https://images.heb.com/is/image/HEBGrocery/prd-small/living-harvest-tempt-unsweetened-vanilla-hemp-milk-002624007.jpg,"Living Harvest Tempt Unsweetened Vanilla Hemp Milk, 32 oz",4.11, 32 oz,($0.13/oz), Tempt Unsweetened Vanilla Hemp Milk, Tempt Unsweetened Vanilla Hemp Milk
223,Milkadamia,Dairy & Eggs/Milk,0.0,"['  LOW SODIUM', '  SUGAR FREE', '  KOSHER', '  LESS THAN 5G NET CARBS', '  GLUTEN FREE VERIFIED', '  VEGAN', '  VEGETARIAN']",2077327,https://images.heb.com/is/image/HEBGrocery/prd-small/milkadamia-unsweetened-macadamia-milk-002077327.jpg,"Milkadamia Unsweetened Macadamia Milk, 32 oz",3.58, 32 oz,($0.12/oz), Unsweetened Macadamia Milk, Unsweetened Macadamia Milk
224,REBBL,Dairy & Eggs/Milk,0.0,"['  VEGETARIAN', '  GLUTEN FREE VERIFIED', '  ORGANIC']",2140247,https://images.heb.com/is/image/HEBGrocery/prd-small/rebbl-organic-turmeric-golden-milk-elixr-002140247.jpg,"REBBL Organic Turmeric Golden Milk Elixr, 12 oz",4.11, 12 oz,($0.35/oz), Organic Turmeric Golden Milk Elixr, Organic Turmeric Golden Milk Elixr
225,Milkadamia,Dairy & Eggs/Milk,0.0,"['  SUGAR FREE', '  KOSHER', '  LOW SODIUM', '  LESS THAN 5G NET CARBS', '  VEGAN', '  GLUTEN FREE VERIFIED', '  VEGETARIAN']",2217959,https://images.heb.com/is/image/HEBGrocery/prd-small/milkadamia-unsweetened-vanilla-macadamia-milk-002217959.jpg,"Milkadamia Unsweetened Vanilla Macadamia Milk, 32 oz",3.58, 32 oz,($0.12/oz), Unsweetened Vanilla Macadamia Milk, Unsweetened Vanilla Macadamia Milk
226,Ripple,Dairy & Eggs/Milk,0.0,"['  LOW SODIUM', '  HEART HEALTHY', '  LESS THAN 5G NET CARBS', '  VEGAN', '  GLUTEN FREE VERIFIED', '  VEGETARIAN']",2414018,https://images.heb.com/is/image/HEBGrocery/prd-small/ripple-original-dairy-free-milk-002414018.jpg,"Ripple Original Dairy Free Milk, 8 oz",0.62, 8 oz,($0.08/oz), Original Dairy Free Milk, Original Dairy Free Milk
227,Embe,Dairy & Eggs/Milk,0.0,"['  ORGANIC', '  GLUTEN FREE VERIFIED', '  VEGAN']",3078726,https://images.heb.com/is/image/HEBGrocery/prd-small/embe-organic-coconut-milk-powder-003078726.jpg,"Embe Organic Coconut Milk Powder, 7 oz",4.41, 7 oz,($0.63/oz), Organic Coconut Milk Powder, Organic Coconut Milk Powder
228,H-E-B,Dairy & Eggs/Milk,0.0,['  GLUTEN FREE VERIFIED'],1835550,https://images.heb.com/is/image/HEBGrocery/prd-small/h-e-b-sweetened-condensed-soy-milk-001835550.jpg,"H‑E‑B Sweetened Condensed Soy Milk, 11.2 oz",1.8, 11.2 oz,($0.17/oz), Sweetened Condensed Soy Milk, Sweetened Condensed Soy Milk
229,Silk,Dairy & Eggs/Milk,0.0,"['  GLUTEN FREE VERIFIED', '  KOSHER', '  LOW SODIUM', '  HEART HEALTHY']",565349,https://images.heb.com/is/image/HEBGrocery/prd-small/silk-natural-original-soy-milk-000565349.jpg,"Silk Natural Original Soy Milk, 1 qt",2.04, 1 qt,($0.07/oz), Natural Original Soy Milk, Natural Original Soy Milk
230,Banana Wave,Dairy & Eggs/Milk,0.0,"['  GLUTEN FREE VERIFIED', '  KOSHER', '  VEGAN', '  LOW SODIUM', '  VEGETARIAN']",2024646,https://images.heb.com/is/image/HEBGrocery/prd-small/banana-wave-original-banana-milk-002024646.jpg,"Banana Wave Original Banana Milk, 32 oz",4.11, 32 oz,($0.13/oz), Original Banana Milk, Original Banana Milk
231,Nestle,Dairy & Eggs/Milk,0.0,"['  HEART HEALTHY', '  VEGETARIAN', '  KOSHER']",3947003,https://images.heb.com/is/image/HEBGrocery/prd-small/nestle-carnation-instant-nonfat-dry-milk-003947003.jpg,"Nestle Carnation Instant Nonfat Dry Milk, 9.62 oz",4.1, 9.62 oz,($0.05/fl oz), Carnation Instant Nonfat Dry Milk, Carnation Instant Nonfat Dry Milk
232,Yeo's,Dairy & Eggs/Milk,0.0,"['  VEGETARIAN', '  LOW SODIUM']",201456,https://images.heb.com/is/image/HEBGrocery/prd-small/yeo-s-soy-milk-000201456.jpg,"Yeo's Soy Milk, 10.1 oz",1.19, 10.1 oz,($0.12/oz), Soy Milk, Soy Milk
233,H-E-B,Dairy & Eggs/Milk,0.0,"['  GO LOCAL', '  SELECT INGREDIENTS']",519748,https://images.heb.com/is/image/HEBGrocery/prd-small/h-e-b-low-fat-cultured-1-milkfat-buttermilk-000519748.jpg,"H‑E‑B Low Fat Cultured 1% Milkfat Buttermilk, 1 qt",1.63, 1 qt,($0.06/oz), Low Fat Cultured 1% Milkfat Buttermilk, Low Fat Cultured 1% Milkfat Buttermilk
234,Cacique,Dairy & Eggs/Milk,0.0,"['  LESS THAN 5G NET CARBS', '  VEGETARIAN']",185673,https://images.heb.com/is/image/HEBGrocery/prd-small/cacique-grade-a-table-cream-000185673.jpg,"Cacique Grade A Table Cream, 15 oz",3.07,,($0.21/oz), Grade A Table Cream, Grade A Table Cream
235,Thai Kitchen,Dairy & Eggs/Milk,0.0,"['  VEGETARIAN', '  VEGAN', '  LESS THAN 5G NET CARBS', '  GLUTEN FREE VERIFIED']",1865912,https://images.heb.com/is/image/HEBGrocery/prd-small/thai-kitchen-coconut-cream-001865912.jpg,"Thai Kitchen Coconut Cream, 13.66 oz",2.98,,($0.22/oz), Coconut Cream, Coconut Cream
236,Nestle,Dairy & Eggs/Milk,1.0,['  VEGETARIAN'],98466,https://images.heb.com/is/image/HEBGrocery/prd-small/nestle-la-lechera-dulce-de-leche-000098466.jpg,"Nestle La Lechera Dulce De Leche, 13.4 oz",2.65,,($0.20/oz), La Lechera Dulce De Leche, La Lechera Dulce De Leche
237,Nestle,Dairy & Eggs/Milk,0.0,['  VEGETARIAN'],1290152,https://images.heb.com/is/image/HEBGrocery/prd-small/nestle-media-crema-lite-table-cream-001290152.jpg,"Nestle Media Crema Lite Table Cream, 7.6 oz",1.42,,($0.19/oz), Media Crema Lite Table Cream, Media Crema Lite Table Cream
238,Shamrock Farms,Dairy & Eggs/Milk,0.0,"['  KOSHER', '  VEGETARIAN', '  GLUTEN FREE VERIFIED']",3038217,https://images.heb.com/is/image/HEBGrocery/prd-small/shamrock-farms-rockin-protein-builder-strawberry-shake-003038217.jpg,"Shamrock Farms Rockin' Protein Builder Strawberry Shake, 12 oz",2.35,,($0.20/oz), Rockin' Protein Builder Strawberry Shake, Rockin' Protein Builder Strawberry Shake
239,Blue Diamond,Dairy & Eggs/Milk,0.0,"['  HEART HEALTHY', '  VEGETARIAN', '  KOSHER', '  GLUTEN FREE VERIFIED', '  VEGAN']",132374,https://images.heb.com/is/image/HEBGrocery/prd-small/blue-diamond-almond-breeze-original-non-dairy-beverage-000132374.jpg,"Blue Diamond Almond Breeze Original Non-dairy Beverage, 32 oz",2.0,,($0.07/oz), Almond Breeze Original Non-dairy Beverage, Almond Breeze Original Non-dairy Beverage
240,Silk,Dairy & Eggs/Milk,0.0,"['  LOW SODIUM', '  HEART HEALTHY', '  KOSHER', '  GLUTEN FREE VERIFIED']",314198,https://images.heb.com/is/image/HEBGrocery/prd-small/silk-chocolate-soymilk-000314198.jpg,"Silk Chocolate Soymilk, 1/2 gal",2.66,,($0.05/oz), Chocolate Soymilk, Chocolate Soymilk
241,Blue Diamond,Dairy & Eggs/Milk,0.0,"['  HEART HEALTHY', '  KOSHER', '  GLUTEN FREE VERIFIED', '  VEGAN', '  VEGETARIAN']",132375,https://images.heb.com/is/image/HEBGrocery/prd-small/blue-diamond-almond-breeze-vanilla-non-dairy-beverage-000132375.jpg,"Blue Diamond Almond Breeze Vanilla Non-dairy Beverage, 32 oz",2.0,,($0.07/oz), Almond Breeze Vanilla Non-dairy Beverage, Almond Breeze Vanilla Non-dairy Beverage
242,Ripple,Dairy & Eggs/Milk,0.0,,2787518,https://images.heb.com/is/image/HEBGrocery/prd-small/ripple-nutrition-chocolate-protein-shake-002787518.jpg,"Ripple Nutrition Chocolate Protein Shake, 12 oz",2.55,,($0.22/oz), Nutrition Chocolate Protein Shake, Nutrition Chocolate Protein Shake
243,Rice Dream,Dairy & Eggs/Milk,0.0,"['  LOW SODIUM', '  HEART HEALTHY', '  VEGETARIAN', '  KOSHER', '  VEGAN', '  GLUTEN FREE VERIFIED', '  ORGANIC']",215195,https://images.heb.com/is/image/HEBGrocery/prd-small/rice-dream-original-organic-rice-drink-000215195.jpg,"Rice Dream Original Organic Rice Drink, 32 oz",2.06,,($0.07/oz), Original Organic Rice Drink, Original Organic Rice Drink
244,Saco,Dairy & Eggs/Milk,0.0,"['  KOSHER', '  VEGETARIAN', '  GLUTEN FREE VERIFIED']",133250,https://images.heb.com/is/image/HEBGrocery/prd-small/saco-cultured-buttermilk-blend-000133250.jpg,"Saco Cultured Buttermilk Blend, 12 oz",4.0,,($0.34/oz), Cultured Buttermilk Blend, Cultured Buttermilk Blend
245,Dream,Dairy & Eggs/Milk,0.0,"['  LOW SODIUM', '  HEART HEALTHY', '  KOSHER', '  VEGETARIAN', '  VEGAN']",2623050,https://images.heb.com/is/image/HEBGrocery/prd-small/dream-oat-beverage-original-002623050.jpg,"Dream Oat Beverage Original, 32 oz",2.58,,($0.09/oz), Oat Beverage Original, Oat Beverage Original
246,REBBL,Dairy & Eggs/Milk,0.0,"['  VEGETARIAN', '  ORGANIC', '  VEGAN', '  GLUTEN FREE VERIFIED']",2212166,https://images.heb.com/is/image/HEBGrocery/prd-small/rebbl-organic-dark-chocolate-protein-elixir-002212166.jpg,"REBBL Organic Dark Chocolate Protein Elixir, 12 oz",4.11,,($0.35/oz), Organic Dark Chocolate Protein Elixir, Organic Dark Chocolate Protein Elixir
247,Rice Dream,Dairy & Eggs/Milk,0.0,"['  KOSHER', '  VEGAN', '  HEART HEALTHY', '  LOW SODIUM', '  VEGETARIAN', '  GLUTEN FREE VERIFIED']",215196,https://images.heb.com/is/image/HEBGrocery/prd-small/rice-dream-vanilla-rice-drink-000215196.jpg,"Rice Dream Vanilla Rice Drink, 32 oz",2.06,,($0.07/oz), Vanilla Rice Drink, Vanilla Rice Drink
248,Ripple,Dairy & Eggs/Milk,0.0,,2787520,https://images.heb.com/is/image/HEBGrocery/prd-small/ripple-nutrition-vanilla-protein-shake-002787520.jpg,"Ripple Nutrition Vanilla Protein Shake, 12 oz",2.55,,($0.22/oz), Nutrition Vanilla Protein Shake, Nutrition Vanilla Protein Shake
249,Mooala,Dairy & Eggs/Milk,0.0,,4769521,https://images.heb.com/is/image/HEBGrocery/prd-small/mooala-keto-mylk-unsweetened-original-004769521.jpg,"Mooala Keto Mylk Unsweetened Original, 48 oz",4.61,,($0.10/oz), Keto Mylk Unsweetened Original, Keto Mylk Unsweetened Original
250,Iconic,Dairy & Eggs/Milk,0.0,,3981539,https://images.heb.com/is/image/HEBGrocery/prd-small/iconic-kids-chocolate-carnival-protein-drink-003981539.jpg,"Iconic Kids Chocolate Carnival Protein Drink, 8 oz",2.04,,($0.26/oz), Kids Chocolate Carnival Protein Drink, Kids Chocolate Carnival Protein Drink
251,Dream,Dairy & Eggs/Milk,0.0,"['  LOW SODIUM', '  KOSHER', '  VEGAN', '  HEART HEALTHY', '  VEGETARIAN']",2623054,https://images.heb.com/is/image/HEBGrocery/prd-small/dream-oat-beverage-unsweetened-002623054.jpg,"Dream Oat Beverage Unsweetened, 32 oz",2.58,,($0.09/oz), Oat Beverage Unsweetened, Oat Beverage Unsweetened
252,Iconic,Dairy & Eggs/Milk,0.0,,3981542,https://images.heb.com/is/image/HEBGrocery/prd-small/iconic-kids-vanilla-vacay-protein-drink-003981542.jpg,"Iconic Kids Vanilla Vacay Protein Drink, 8 oz",2.04,,($0.26/oz), Kids Vanilla Vacay Protein Drink, Kids Vanilla Vacay Protein Drink
253,Iconic,Dairy & Eggs/Milk,0.0,,3981541,https://images.heb.com/is/image/HEBGrocery/prd-small/iconic-kids-fruity-fiesta-protein-drink-003981541.jpg,"Iconic Kids Fruity Fiesta Protein Drink, 8 oz",2.04,,($0.26/oz), Kids Fruity Fiesta Protein Drink, Kids Fruity Fiesta Protein Drink
254,Hill Country Fare,Dairy & Eggs/Milk,0.0,['  GO LOCAL'],314127,https://images.heb.com/is/image/HEBGrocery/prd-small/hill-country-fare-1-low-fat-milk-000314127.jpg,"Hill Country Fare 1% Low Fat Milk, 1 gal",3.07, 1 gal,($0.03/oz), 1% Low Fat Milk, 1% Low Fat Milk
255,Hill Country Fare,Dairy & Eggs/Milk,0.0,['  GO LOCAL'],314131,https://images.heb.com/is/image/HEBGrocery/prd-small/hill-country-fare-reduced-fat-2-milk-000314131.jpg,"Hill Country Fare Reduced Fat 2% Milk, 1 gal",3.07, 1 gal,($0.03/oz), Reduced Fat 2% Milk, Reduced Fat 2% Milk
256,Hill Country Fare,Dairy & Eggs/Milk,0.0,['  GO LOCAL'],314124,https://images.heb.com/is/image/HEBGrocery/prd-small/hill-country-fare-whole-milk-000314124.jpg,"Hill Country Fare Whole Milk, 1 gal",3.07, 1 gal,($0.03/oz), Whole Milk, Whole Milk
257,Hill Country Fare,Dairy & Eggs/Milk,0.0,"['  CARB AWARE', '  LOW SATURATED FAT', '  GO LOCAL']",314128,https://images.heb.com/is/image/HEBGrocery/prd-small/hill-country-fare-fat-free-milk-000314128.jpg,"Hill Country Fare Fat Free Milk, 1 gal",3.07, 1 gal,($0.03/oz), Fat Free Milk, Fat Free Milk
258,H-E-B,Dairy & Eggs/Milk,0.0,"['  GO LOCAL', '  SELECT INGREDIENTS']",658779,https://images.heb.com/is/image/HEBGrocery/prd-small/h-e-b-chocolate-milk-000658779.jpg,"H‑E‑B Chocolate Milk, 1 gal",3.28, 1 gal,($0.03/oz), Chocolate Milk, Chocolate Milk
259,H-E-B,Dairy & Eggs/Milk,0.0,"['  GO LOCAL', '  SELECT INGREDIENTS']",314160,https://images.heb.com/is/image/HEBGrocery/prd-small/h-e-b-chocolate-milk-000314160.jpg,"H‑E‑B Chocolate Milk, 1/2 gal",2.14, 1/2 gal,($0.04/oz), Chocolate Milk, Chocolate Milk
